{
  "chain_id": 0,
  "n_iter": 10000,
  "burnin": 3000,
  "thin": 5,
  "n_saved": 1400,
  "runtime_sec": 577.6863939762115,
  "accept_rate_alpha": 0.3086,
  "accept_rate_beta_mean": 0.3307,
  "accept_rate_beta_per_k": [
    0.3677,
    0.3918,
    0.2775,
    0.3777,
    0.3623,
    0.3144,
    0.2934,
    0.2955,
    0.2839,
    0.2809,
    0.3676,
    0.2795,
    0.3918,
    0.3581,
    0.4015,
    0.354,
    0.2842,
    0.2822,
    0.3259,
    0.3588,
    0.3436,
    0.2939,
    0.3056,
    0.3171,
    0.2871,
    0.3143,
    0.3583,
    0.3322,
    0.3435,
    0.2932,
    0.3348,
    0.3076,
    0.333,
    0.3102,
    0.3139,
    0.3616,
    0.3565,
    0.3747,
    0.3051,
    0.3561,
    0.3441,
    0.315,
    0.37
  ],
  "accept_rate_u_mean": 0.3409,
  "accept_rate_u_per_j": [
    0.3685,
    0.3739,
    0.3054,
    0.4028,
    0.3288,
    0.3128,
    0.3552,
    0.292,
    0.3376,
    0.3481,
    0.3763,
    0.341,
    0.3693,
    0.3411,
    0.3322,
    0.3248,
    0.3679,
    0.302,
    0.2974
  ],
  "accept_rate_log_tau": 0.3701,
  "accept_rate_block": 0.4546,
  "hyperparams": {
    "sigma_alpha": 5.0,
    "s_beta": 5.0,
    "s_tau": 1.0,
    "prior_family": "half_normal"
  },
  "proposal_sd": {
    "alpha": 0.0675,
    "beta": [
      0.050625,
      0.050625,
      0.0759375,
      0.050625,
      0.050625,
      0.050625,
      0.050625,
      0.0759375,
      0.0759375,
      0.0759375,
      0.0759375,
      0.17085937500000004,
      0.5766503906250001,
      0.3844335937500001,
      0.3844335937500001,
      0.3844335937500001,
      0.25628906250000005,
      0.25628906250000005,
      0.3844335937500001,
      0.25628906250000005,
      0.3844335937500001,
      0.25628906250000005,
      0.3844335937500001,
      0.25628906250000005,
      0.3844335937500001,
      0.25628906250000005,
      0.17085937500000004,
      0.3844335937500001,
      0.0759375,
      0.11390625000000001,
      0.17085937500000004,
      0.17085937500000004,
      0.25628906250000005,
      0.25628906250000005,
      0.25628906250000005,
      0.11390625000000001,
      0.0759375,
      0.0759375,
      0.0759375,
      0.11390625000000001,
      0.050625,
      0.25628906250000005,
      0.11390625000000001
    ],
    "u": [
      0.16875,
      0.16875,
      0.16875,
      0.37968750000000007,
      0.11250000000000002,
      0.37968750000000007,
      0.56953125,
      0.37968750000000007,
      0.37968750000000007,
      0.25312500000000004,
      0.37968750000000007,
      0.37968750000000007,
      0.37968750000000007,
      0.37968750000000007,
      0.56953125,
      0.25312500000000004,
      0.56953125,
      0.56953125,
      0.56953125
    ],
    "log_tau": 0.50625,
    "block": 0.22781250000000003
  },
  "seed": 724
}