{
  "chain_id": 1,
  "n_iter": 10000,
  "burnin": 3000,
  "thin": 5,
  "n_saved": 1400,
  "runtime_sec": 572.1820769309998,
  "accept_rate_alpha": 0.3066,
  "accept_rate_beta_mean": 0.3318,
  "accept_rate_beta_per_k": [
    0.3615,
    0.39,
    0.2788,
    0.3747,
    0.3625,
    0.3164,
    0.2909,
    0.2988,
    0.2971,
    0.2838,
    0.36,
    0.2828,
    0.3826,
    0.3638,
    0.4068,
    0.3549,
    0.2841,
    0.2911,
    0.3153,
    0.3593,
    0.3334,
    0.3,
    0.3159,
    0.3158,
    0.2906,
    0.3153,
    0.3551,
    0.3269,
    0.3488,
    0.2953,
    0.3378,
    0.3054,
    0.3405,
    0.3179,
    0.3154,
    0.3682,
    0.3523,
    0.3825,
    0.3096,
    0.3607,
    0.3455,
    0.3187,
    0.3606
  ],
  "accept_rate_u_mean": 0.34189473684210525,
  "accept_rate_u_per_j": [
    0.3721,
    0.3663,
    0.3169,
    0.4068,
    0.3274,
    0.3152,
    0.3568,
    0.2887,
    0.3346,
    0.3553,
    0.3696,
    0.3491,
    0.3729,
    0.3351,
    0.337,
    0.3309,
    0.3662,
    0.3027,
    0.2924
  ],
  "accept_rate_log_tau": 0.381,
  "accept_rate_block": 0.45471,
  "hyperparams": {
    "sigma_alpha": 5.0,
    "s_beta": 5.0,
    "s_tau": 1.0,
    "prior_family": "half_normal"
  },
  "proposal_sd": {
    "alpha": 0.0675,
    "beta": [
      0.050625,
      0.050625,
      0.0759375,
      0.050625,
      0.050625,
      0.050625,
      0.050625,
      0.0759375,
      0.0759375,
      0.0759375,
      0.0759375,
      0.17085937500000004,
      0.5766503906250001,
      0.3844335937500001,
      0.3844335937500001,
      0.3844335937500001,
      0.25628906250000005,
      0.25628906250000005,
      0.3844335937500001,
      0.25628906250000005,
      0.3844335937500001,
      0.25628906250000005,
      0.3844335937500001,
      0.25628906250000005,
      0.3844335937500001,
      0.25628906250000005,
      0.17085937500000004,
      0.3844335937500001,
      0.0759375,
      0.11390625000000001,
      0.17085937500000004,
      0.17085937500000004,
      0.25628906250000005,
      0.25628906250000005,
      0.25628906250000005,
      0.11390625000000001,
      0.0759375,
      0.0759375,
      0.0759375,
      0.11390625000000001,
      0.050625,
      0.25628906250000005,
      0.11390625000000001
    ],
    "u": [
      0.16875,
      0.16875,
      0.16875,
      0.37968750000000007,
      0.11250000000000002,
      0.37968750000000007,
      0.56953125,
      0.37968750000000007,
      0.37968750000000007,
      0.25312500000000004,
      0.37968750000000007,
      0.37968750000000007,
      0.37968750000000007,
      0.37968750000000007,
      0.56953125,
      0.25312500000000004,
      0.56953125,
      0.56953125,
      0.56953125
    ],
    "log_tau": 0.50625,
    "block": 0.22781250000000003
  },
  "seed": 1724
}