{
  "chain_id": 1,
  "n_iter": 10000,
  "burnin": 3000,
  "thin": 5,
  "n_saved": 1400,
  "runtime_sec": 1062.1381270885468,
  "accept_rate_alpha": 0.2396,
  "accept_rate_beta_mean": 0.25803953488372094,
  "accept_rate_beta_per_k": [
    0.291,
    0.3002,
    0.2132,
    0.2059,
    0.2914,
    0.2482,
    0.2175,
    0.2271,
    0.2213,
    0.2204,
    0.288,
    0.2311,
    0.3284,
    0.2949,
    0.2509,
    0.2944,
    0.2195,
    0.3149,
    0.2539,
    0.2869,
    0.253,
    0.2223,
    0.269,
    0.2713,
    0.2284,
    0.2358,
    0.2859,
    0.2677,
    0.2551,
    0.2295,
    0.2617,
    0.2303,
    0.2565,
    0.2492,
    0.24,
    0.2815,
    0.2864,
    0.306,
    0.2412,
    0.2772,
    0.2743,
    0.2598,
    0.2145
  ],
  "accept_rate_u_mean": 0.27075,
  "accept_rate_u_per_j": [
    0.2607,
    0.2595,
    0.2134,
    0.2863,
    0.2383,
    0.313,
    0.2559,
    0.2965,
    0.2364,
    0.2564,
    0.2663,
    0.3526,
    0.2743,
    0.234,
    0.3492,
    0.2346,
    0.2632,
    0.3011,
    0.2287,
    0.2946
  ],
  "accept_rate_log_tau": 0.3592,
  "hyperparams": {
    "sigma_alpha": 5.0,
    "s_beta": 5.0,
    "s_tau": 1.0,
    "prior_family": "half_normal"
  },
  "proposal_sd": {
    "alpha": 0.0675,
    "beta": [
      0.050625,
      0.050625,
      0.0759375,
      0.0759375,
      0.050625,
      0.050625,
      0.050625,
      0.0759375,
      0.0759375,
      0.0759375,
      0.0759375,
      0.17085937500000004,
      0.5766503906250001,
      0.3844335937500001,
      0.5766503906250001,
      0.3844335937500001,
      0.25628906250000005,
      0.17085937500000004,
      0.3844335937500001,
      0.25628906250000005,
      0.3844335937500001,
      0.25628906250000005,
      0.3844335937500001,
      0.25628906250000005,
      0.3844335937500001,
      0.25628906250000005,
      0.17085937500000004,
      0.3844335937500001,
      0.0759375,
      0.11390625000000001,
      0.17085937500000004,
      0.17085937500000004,
      0.25628906250000005,
      0.25628906250000005,
      0.25628906250000005,
      0.11390625000000001,
      0.0759375,
      0.0759375,
      0.0759375,
      0.11390625000000001,
      0.050625,
      0.25628906250000005,
      0.17085937500000004
    ],
    "u": [
      0.25312500000000004,
      0.25312500000000004,
      0.25312500000000004,
      0.56953125,
      0.16875,
      0.37968750000000007,
      0.8542968750000001,
      0.37968750000000007,
      0.56953125,
      0.37968750000000007,
      0.56953125,
      0.37968750000000007,
      0.56953125,
      0.56953125,
      0.56953125,
      0.37968750000000007,
      0.8542968750000001,
      0.56953125,
      0.11250000000000002,
      0.56953125
    ],
    "log_tau": 0.50625
  },
  "seed": 1724
}