{
  "chain_id": 0,
  "n_iter": 10000,
  "burnin": 3000,
  "thin": 5,
  "n_saved": 1400,
  "runtime_sec": 1082.9767310619354,
  "accept_rate_alpha": 0.2362,
  "accept_rate_beta_mean": 0.26023023255813954,
  "accept_rate_beta_per_k": [
    0.2886,
    0.3121,
    0.2179,
    0.204,
    0.2913,
    0.2488,
    0.2309,
    0.2286,
    0.2119,
    0.2247,
    0.29,
    0.2182,
    0.3319,
    0.2883,
    0.2473,
    0.2918,
    0.2225,
    0.3275,
    0.256,
    0.2759,
    0.2665,
    0.2269,
    0.263,
    0.2726,
    0.229,
    0.2408,
    0.2861,
    0.274,
    0.2704,
    0.2434,
    0.2606,
    0.2332,
    0.2624,
    0.2512,
    0.2479,
    0.2964,
    0.2882,
    0.3021,
    0.2372,
    0.2915,
    0.2772,
    0.2575,
    0.2036
  ],
  "accept_rate_u_mean": 0.27065,
  "accept_rate_u_per_j": [
    0.2661,
    0.2676,
    0.2274,
    0.2999,
    0.2422,
    0.3093,
    0.2543,
    0.286,
    0.2447,
    0.2473,
    0.2586,
    0.3452,
    0.2732,
    0.2372,
    0.3367,
    0.2314,
    0.2621,
    0.3015,
    0.2223,
    0.3
  ],
  "accept_rate_log_tau": 0.359,
  "hyperparams": {
    "sigma_alpha": 5.0,
    "s_beta": 5.0,
    "s_tau": 1.0,
    "prior_family": "half_normal"
  },
  "proposal_sd": {
    "alpha": 0.0675,
    "beta": [
      0.050625,
      0.050625,
      0.0759375,
      0.0759375,
      0.050625,
      0.050625,
      0.050625,
      0.0759375,
      0.0759375,
      0.0759375,
      0.0759375,
      0.17085937500000004,
      0.5766503906250001,
      0.3844335937500001,
      0.5766503906250001,
      0.3844335937500001,
      0.25628906250000005,
      0.17085937500000004,
      0.3844335937500001,
      0.25628906250000005,
      0.3844335937500001,
      0.25628906250000005,
      0.3844335937500001,
      0.25628906250000005,
      0.3844335937500001,
      0.25628906250000005,
      0.17085937500000004,
      0.3844335937500001,
      0.0759375,
      0.11390625000000001,
      0.17085937500000004,
      0.17085937500000004,
      0.25628906250000005,
      0.25628906250000005,
      0.25628906250000005,
      0.11390625000000001,
      0.0759375,
      0.0759375,
      0.0759375,
      0.11390625000000001,
      0.050625,
      0.25628906250000005,
      0.17085937500000004
    ],
    "u": [
      0.25312500000000004,
      0.25312500000000004,
      0.25312500000000004,
      0.56953125,
      0.16875,
      0.37968750000000007,
      0.8542968750000001,
      0.37968750000000007,
      0.56953125,
      0.37968750000000007,
      0.56953125,
      0.37968750000000007,
      0.56953125,
      0.56953125,
      0.56953125,
      0.37968750000000007,
      0.8542968750000001,
      0.56953125,
      0.11250000000000002,
      0.56953125
    ],
    "log_tau": 0.50625
  },
  "seed": 724
}