{
  "chain_id": 0,
  "n_iter": 10000,
  "burnin": 3000,
  "thin": 5,
  "n_saved": 1400,
  "runtime_sec": 327.82641792297363,
  "accept_rate_alpha": 0.2999,
  "accept_rate_beta_mean": 0.33330930232558137,
  "accept_rate_beta_per_k": [
    0.3592,
    0.3835,
    0.2761,
    0.3753,
    0.3637,
    0.3167,
    0.2932,
    0.3919,
    0.295,
    0.2808,
    0.3616,
    0.2795,
    0.3854,
    0.3584,
    0.2918,
    0.3626,
    0.4018,
    0.294,
    0.3263,
    0.3561,
    0.3433,
    0.2898,
    0.312,
    0.3159,
    0.2959,
    0.3085,
    0.3517,
    0.3303,
    0.3357,
    0.2884,
    0.335,
    0.3138,
    0.3343,
    0.3224,
    0.3168,
    0.3705,
    0.3547,
    0.3691,
    0.3053,
    0.3593,
    0.3381,
    0.3132,
    0.3754
  ],
  "accept_rate_u_mean": 0.3356,
  "accept_rate_u_per_j": [
    0.3653,
    0.358,
    0.3106,
    0.291,
    0.3268,
    0.3143,
    0.3583,
    0.2879,
    0.3386,
    0.3518,
    0.3718,
    0.3441,
    0.3849,
    0.3351,
    0.3383,
    0.3327,
    0.373,
    0.3005,
    0.2934
  ],
  "accept_rate_log_tau": 0.3607,
  "hyperparams": {
    "sigma_alpha": 5.0,
    "s_beta": 5.0,
    "s_tau": 1.0,
    "prior_family": "half_normal"
  },
  "proposal_sd": {
    "alpha": 0.0675,
    "beta": [
      0.050625,
      0.050625,
      0.0759375,
      0.050625,
      0.050625,
      0.050625,
      0.050625,
      0.050625,
      0.0759375,
      0.0759375,
      0.0759375,
      0.17085937500000004,
      0.5766503906250001,
      0.3844335937500001,
      0.5766503906250001,
      0.3844335937500001,
      0.17085937500000004,
      0.25628906250000005,
      0.3844335937500001,
      0.25628906250000005,
      0.3844335937500001,
      0.25628906250000005,
      0.3844335937500001,
      0.25628906250000005,
      0.3844335937500001,
      0.25628906250000005,
      0.17085937500000004,
      0.3844335937500001,
      0.0759375,
      0.11390625000000001,
      0.17085937500000004,
      0.17085937500000004,
      0.25628906250000005,
      0.25628906250000005,
      0.25628906250000005,
      0.11390625000000001,
      0.0759375,
      0.0759375,
      0.0759375,
      0.11390625000000001,
      0.050625,
      0.25628906250000005,
      0.11390625000000001
    ],
    "u": [
      0.16875,
      0.16875,
      0.16875,
      0.56953125,
      0.11250000000000002,
      0.37968750000000007,
      0.56953125,
      0.37968750000000007,
      0.37968750000000007,
      0.25312500000000004,
      0.37968750000000007,
      0.37968750000000007,
      0.37968750000000007,
      0.37968750000000007,
      0.56953125,
      0.25312500000000004,
      0.56953125,
      0.56953125,
      0.56953125
    ],
    "log_tau": 0.50625
  },
  "seed": 724
}