{
  "chain_id": 1,
  "n_iter": 10000,
  "burnin": 3000,
  "thin": 5,
  "n_saved": 1400,
  "runtime_sec": 321.3774309158325,
  "accept_rate_alpha": 0.3,
  "accept_rate_beta_mean": 0.3348116279069767,
  "accept_rate_beta_per_k": [
    0.362,
    0.3887,
    0.2858,
    0.3785,
    0.3713,
    0.324,
    0.2873,
    0.4059,
    0.2901,
    0.2809,
    0.355,
    0.2907,
    0.3884,
    0.3582,
    0.301,
    0.3654,
    0.393,
    0.2929,
    0.3206,
    0.3614,
    0.3464,
    0.303,
    0.3187,
    0.3165,
    0.2916,
    0.3154,
    0.3558,
    0.3264,
    0.3396,
    0.2876,
    0.3328,
    0.3086,
    0.3284,
    0.3126,
    0.3168,
    0.3689,
    0.3595,
    0.3815,
    0.3023,
    0.3511,
    0.3507,
    0.318,
    0.3636
  ],
  "accept_rate_u_mean": 0.33727894736842107,
  "accept_rate_u_per_j": [
    0.3706,
    0.3714,
    0.3103,
    0.2893,
    0.3303,
    0.3194,
    0.3538,
    0.2749,
    0.3465,
    0.3598,
    0.3713,
    0.3489,
    0.3743,
    0.3368,
    0.3418,
    0.3347,
    0.3693,
    0.3103,
    0.2946
  ],
  "accept_rate_log_tau": 0.3672,
  "hyperparams": {
    "sigma_alpha": 5.0,
    "s_beta": 5.0,
    "s_tau": 1.0,
    "prior_family": "half_normal"
  },
  "proposal_sd": {
    "alpha": 0.0675,
    "beta": [
      0.050625,
      0.050625,
      0.0759375,
      0.050625,
      0.050625,
      0.050625,
      0.050625,
      0.050625,
      0.0759375,
      0.0759375,
      0.0759375,
      0.17085937500000004,
      0.5766503906250001,
      0.3844335937500001,
      0.5766503906250001,
      0.3844335937500001,
      0.17085937500000004,
      0.25628906250000005,
      0.3844335937500001,
      0.25628906250000005,
      0.3844335937500001,
      0.25628906250000005,
      0.3844335937500001,
      0.25628906250000005,
      0.3844335937500001,
      0.25628906250000005,
      0.17085937500000004,
      0.3844335937500001,
      0.0759375,
      0.11390625000000001,
      0.17085937500000004,
      0.17085937500000004,
      0.25628906250000005,
      0.25628906250000005,
      0.25628906250000005,
      0.11390625000000001,
      0.0759375,
      0.0759375,
      0.0759375,
      0.11390625000000001,
      0.050625,
      0.25628906250000005,
      0.11390625000000001
    ],
    "u": [
      0.16875,
      0.16875,
      0.16875,
      0.56953125,
      0.11250000000000002,
      0.37968750000000007,
      0.56953125,
      0.37968750000000007,
      0.37968750000000007,
      0.25312500000000004,
      0.37968750000000007,
      0.37968750000000007,
      0.37968750000000007,
      0.37968750000000007,
      0.56953125,
      0.25312500000000004,
      0.56953125,
      0.56953125,
      0.56953125
    ],
    "log_tau": 0.50625
  },
  "seed": 1724
}