{
  "chain_id": 0,
  "n_iter": 10000,
  "burnin": 3000,
  "thin": 5,
  "n_saved": 1400,
  "runtime_sec": 571.1043109893799,
  "accept_rate_alpha": 0.3047,
  "accept_rate_beta_mean": 0.33118837209302326,
  "accept_rate_beta_per_k": [
    0.3637,
    0.3962,
    0.2863,
    0.3787,
    0.3636,
    0.3174,
    0.2891,
    0.2947,
    0.2865,
    0.2811,
    0.357,
    0.2772,
    0.3899,
    0.3608,
    0.4096,
    0.3561,
    0.283,
    0.2818,
    0.3219,
    0.3568,
    0.3453,
    0.2915,
    0.3072,
    0.317,
    0.2884,
    0.3158,
    0.3608,
    0.3357,
    0.3448,
    0.2867,
    0.3347,
    0.3136,
    0.3348,
    0.3096,
    0.3162,
    0.3646,
    0.3595,
    0.3739,
    0.3033,
    0.3614,
    0.3414,
    0.3134,
    0.3701
  ],
  "accept_rate_u_mean": 0.34195263157894734,
  "accept_rate_u_per_j": [
    0.3695,
    0.3707,
    0.3069,
    0.4042,
    0.3292,
    0.3202,
    0.3648,
    0.2884,
    0.3339,
    0.3504,
    0.3765,
    0.3441,
    0.3732,
    0.3431,
    0.3394,
    0.3231,
    0.3696,
    0.2999,
    0.29
  ],
  "accept_rate_log_tau": 0.3709,
  "accept_rate_block": 0.46065,
  "hyperparams": {
    "sigma_alpha": 5.0,
    "s_beta": 2.5,
    "s_tau": 2.5,
    "prior_family": "half_normal"
  },
  "proposal_sd": {
    "alpha": 0.0675,
    "beta": [
      0.050625,
      0.050625,
      0.0759375,
      0.050625,
      0.050625,
      0.050625,
      0.050625,
      0.0759375,
      0.0759375,
      0.0759375,
      0.0759375,
      0.17085937500000004,
      0.5766503906250001,
      0.3844335937500001,
      0.3844335937500001,
      0.3844335937500001,
      0.25628906250000005,
      0.25628906250000005,
      0.3844335937500001,
      0.25628906250000005,
      0.3844335937500001,
      0.25628906250000005,
      0.3844335937500001,
      0.25628906250000005,
      0.3844335937500001,
      0.25628906250000005,
      0.17085937500000004,
      0.3844335937500001,
      0.0759375,
      0.11390625000000001,
      0.17085937500000004,
      0.17085937500000004,
      0.25628906250000005,
      0.25628906250000005,
      0.25628906250000005,
      0.11390625000000001,
      0.0759375,
      0.0759375,
      0.0759375,
      0.11390625000000001,
      0.050625,
      0.25628906250000005,
      0.11390625000000001
    ],
    "u": [
      0.16875,
      0.16875,
      0.16875,
      0.37968750000000007,
      0.11250000000000002,
      0.37968750000000007,
      0.56953125,
      0.37968750000000007,
      0.37968750000000007,
      0.25312500000000004,
      0.37968750000000007,
      0.37968750000000007,
      0.37968750000000007,
      0.37968750000000007,
      0.56953125,
      0.25312500000000004,
      0.56953125,
      0.56953125,
      0.56953125
    ],
    "log_tau": 0.50625,
    "block": 0.22781250000000003
  },
  "seed": 724
}