{
  "chain_id": 0,
  "n_iter": 10000,
  "burnin": 3000,
  "thin": 5,
  "n_saved": 1400,
  "runtime_sec": 331.275817155838,
  "accept_rate_alpha": 0.3025,
  "accept_rate_beta_mean": 0.33385116279069765,
  "accept_rate_beta_per_k": [
    0.3598,
    0.3817,
    0.2749,
    0.3821,
    0.3713,
    0.3136,
    0.3009,
    0.3941,
    0.2933,
    0.2787,
    0.3561,
    0.2813,
    0.3852,
    0.358,
    0.2925,
    0.3675,
    0.4064,
    0.294,
    0.3329,
    0.3559,
    0.339,
    0.2916,
    0.3155,
    0.3134,
    0.2947,
    0.3104,
    0.3512,
    0.3295,
    0.3359,
    0.29,
    0.3355,
    0.3161,
    0.3327,
    0.3247,
    0.314,
    0.3728,
    0.3575,
    0.3672,
    0.3021,
    0.3566,
    0.3428,
    0.3121,
    0.3701
  ],
  "accept_rate_u_mean": 0.33531578947368423,
  "accept_rate_u_per_j": [
    0.3625,
    0.3599,
    0.3061,
    0.2915,
    0.3297,
    0.3097,
    0.3535,
    0.2867,
    0.345,
    0.3581,
    0.3686,
    0.3431,
    0.3829,
    0.3395,
    0.3383,
    0.3279,
    0.3748,
    0.2972,
    0.296
  ],
  "accept_rate_log_tau": 0.3623,
  "hyperparams": {
    "sigma_alpha": 5.0,
    "s_beta": 2.5,
    "s_tau": 2.5,
    "prior_family": "half_normal"
  },
  "proposal_sd": {
    "alpha": 0.0675,
    "beta": [
      0.050625,
      0.050625,
      0.0759375,
      0.050625,
      0.050625,
      0.050625,
      0.050625,
      0.050625,
      0.0759375,
      0.0759375,
      0.0759375,
      0.17085937500000004,
      0.5766503906250001,
      0.3844335937500001,
      0.5766503906250001,
      0.3844335937500001,
      0.17085937500000004,
      0.25628906250000005,
      0.3844335937500001,
      0.25628906250000005,
      0.3844335937500001,
      0.25628906250000005,
      0.3844335937500001,
      0.25628906250000005,
      0.3844335937500001,
      0.25628906250000005,
      0.17085937500000004,
      0.3844335937500001,
      0.0759375,
      0.11390625000000001,
      0.17085937500000004,
      0.17085937500000004,
      0.25628906250000005,
      0.25628906250000005,
      0.25628906250000005,
      0.11390625000000001,
      0.0759375,
      0.0759375,
      0.0759375,
      0.11390625000000001,
      0.050625,
      0.25628906250000005,
      0.11390625000000001
    ],
    "u": [
      0.16875,
      0.16875,
      0.16875,
      0.56953125,
      0.11250000000000002,
      0.37968750000000007,
      0.56953125,
      0.37968750000000007,
      0.37968750000000007,
      0.25312500000000004,
      0.37968750000000007,
      0.37968750000000007,
      0.37968750000000007,
      0.37968750000000007,
      0.56953125,
      0.25312500000000004,
      0.56953125,
      0.56953125,
      0.56953125
    ],
    "log_tau": 0.50625
  },
  "seed": 724
}