{
  "chain_id": 1,
  "n_iter": 10000,
  "burnin": 3000,
  "thin": 5,
  "n_saved": 1400,
  "runtime_sec": 1042.484727859497,
  "accept_rate_alpha": 0.2401,
  "accept_rate_beta_mean": 0.25866046511627905,
  "accept_rate_beta_per_k": [
    0.2916,
    0.2981,
    0.2185,
    0.2169,
    0.293,
    0.2554,
    0.2205,
    0.2281,
    0.219,
    0.223,
    0.2928,
    0.2294,
    0.3276,
    0.2916,
    0.2477,
    0.2978,
    0.2182,
    0.3193,
    0.2551,
    0.2857,
    0.2531,
    0.2176,
    0.2693,
    0.2673,
    0.2292,
    0.2332,
    0.2846,
    0.2672,
    0.2631,
    0.2335,
    0.2631,
    0.2288,
    0.2549,
    0.2507,
    0.2407,
    0.2865,
    0.2871,
    0.3012,
    0.2439,
    0.2766,
    0.2721,
    0.2579,
    0.2115
  ],
  "accept_rate_u_mean": 0.27024,
  "accept_rate_u_per_j": [
    0.261,
    0.2553,
    0.2139,
    0.2876,
    0.2411,
    0.3123,
    0.2566,
    0.2905,
    0.2343,
    0.2592,
    0.267,
    0.3492,
    0.271,
    0.237,
    0.3467,
    0.2392,
    0.2621,
    0.3019,
    0.2273,
    0.2916
  ],
  "accept_rate_log_tau": 0.3699,
  "hyperparams": {
    "sigma_alpha": 5.0,
    "s_beta": 2.5,
    "s_tau": 2.5,
    "prior_family": "half_normal"
  },
  "proposal_sd": {
    "alpha": 0.0675,
    "beta": [
      0.050625,
      0.050625,
      0.0759375,
      0.0759375,
      0.050625,
      0.050625,
      0.050625,
      0.0759375,
      0.0759375,
      0.0759375,
      0.0759375,
      0.17085937500000004,
      0.5766503906250001,
      0.3844335937500001,
      0.5766503906250001,
      0.3844335937500001,
      0.25628906250000005,
      0.17085937500000004,
      0.3844335937500001,
      0.25628906250000005,
      0.3844335937500001,
      0.25628906250000005,
      0.3844335937500001,
      0.25628906250000005,
      0.3844335937500001,
      0.25628906250000005,
      0.17085937500000004,
      0.3844335937500001,
      0.0759375,
      0.11390625000000001,
      0.17085937500000004,
      0.17085937500000004,
      0.25628906250000005,
      0.25628906250000005,
      0.25628906250000005,
      0.11390625000000001,
      0.0759375,
      0.0759375,
      0.0759375,
      0.11390625000000001,
      0.050625,
      0.25628906250000005,
      0.17085937500000004
    ],
    "u": [
      0.25312500000000004,
      0.25312500000000004,
      0.25312500000000004,
      0.56953125,
      0.16875,
      0.37968750000000007,
      0.8542968750000001,
      0.37968750000000007,
      0.56953125,
      0.37968750000000007,
      0.56953125,
      0.37968750000000007,
      0.56953125,
      0.56953125,
      0.56953125,
      0.37968750000000007,
      0.8542968750000001,
      0.56953125,
      0.11250000000000002,
      0.56953125
    ],
    "log_tau": 0.50625
  },
  "seed": 1724
}