{
  "chain_id": 1,
  "n_iter": 10000,
  "burnin": 3000,
  "thin": 5,
  "n_saved": 1400,
  "runtime_sec": 569.1862120628357,
  "accept_rate_alpha": 0.3056,
  "accept_rate_beta_mean": 0.3319093023255814,
  "accept_rate_beta_per_k": [
    0.3631,
    0.3871,
    0.2793,
    0.3747,
    0.3679,
    0.3167,
    0.289,
    0.2999,
    0.2936,
    0.2847,
    0.3583,
    0.2791,
    0.3738,
    0.3689,
    0.4149,
    0.3564,
    0.2833,
    0.2959,
    0.3199,
    0.3613,
    0.3364,
    0.293,
    0.3148,
    0.3134,
    0.2928,
    0.3143,
    0.3606,
    0.3244,
    0.3457,
    0.2969,
    0.3387,
    0.3055,
    0.3363,
    0.3218,
    0.3152,
    0.3646,
    0.3522,
    0.3777,
    0.3108,
    0.362,
    0.345,
    0.3155,
    0.3667
  ],
  "accept_rate_u_mean": 0.3419684210526316,
  "accept_rate_u_per_j": [
    0.3719,
    0.3645,
    0.3077,
    0.4083,
    0.3353,
    0.3143,
    0.3586,
    0.2867,
    0.3386,
    0.3517,
    0.3637,
    0.3576,
    0.3734,
    0.3332,
    0.3384,
    0.3262,
    0.365,
    0.304,
    0.2983
  ],
  "accept_rate_log_tau": 0.3819,
  "accept_rate_block": 0.45466,
  "hyperparams": {
    "sigma_alpha": 5.0,
    "s_beta": 2.5,
    "s_tau": 2.5,
    "prior_family": "half_normal"
  },
  "proposal_sd": {
    "alpha": 0.0675,
    "beta": [
      0.050625,
      0.050625,
      0.0759375,
      0.050625,
      0.050625,
      0.050625,
      0.050625,
      0.0759375,
      0.0759375,
      0.0759375,
      0.0759375,
      0.17085937500000004,
      0.5766503906250001,
      0.3844335937500001,
      0.3844335937500001,
      0.3844335937500001,
      0.25628906250000005,
      0.25628906250000005,
      0.3844335937500001,
      0.25628906250000005,
      0.3844335937500001,
      0.25628906250000005,
      0.3844335937500001,
      0.25628906250000005,
      0.3844335937500001,
      0.25628906250000005,
      0.17085937500000004,
      0.3844335937500001,
      0.0759375,
      0.11390625000000001,
      0.17085937500000004,
      0.17085937500000004,
      0.25628906250000005,
      0.25628906250000005,
      0.25628906250000005,
      0.11390625000000001,
      0.0759375,
      0.0759375,
      0.0759375,
      0.11390625000000001,
      0.050625,
      0.25628906250000005,
      0.11390625000000001
    ],
    "u": [
      0.16875,
      0.16875,
      0.16875,
      0.37968750000000007,
      0.11250000000000002,
      0.37968750000000007,
      0.56953125,
      0.37968750000000007,
      0.37968750000000007,
      0.25312500000000004,
      0.37968750000000007,
      0.37968750000000007,
      0.37968750000000007,
      0.37968750000000007,
      0.56953125,
      0.25312500000000004,
      0.56953125,
      0.56953125,
      0.56953125
    ],
    "log_tau": 0.50625,
    "block": 0.22781250000000003
  },
  "seed": 1724
}