{
  "chain_id": 1,
  "n_iter": 10000,
  "burnin": 3000,
  "thin": 5,
  "n_saved": 1400,
  "runtime_sec": 336.277312040329,
  "accept_rate_alpha": 0.2934,
  "accept_rate_beta_mean": 0.33496976744186047,
  "accept_rate_beta_per_k": [
    0.3644,
    0.3905,
    0.2854,
    0.3797,
    0.3739,
    0.3295,
    0.2927,
    0.4067,
    0.2842,
    0.2807,
    0.3609,
    0.2824,
    0.3851,
    0.3549,
    0.3031,
    0.3652,
    0.4029,
    0.2884,
    0.3232,
    0.3567,
    0.3414,
    0.2993,
    0.3136,
    0.3142,
    0.2928,
    0.315,
    0.3535,
    0.3246,
    0.3422,
    0.2896,
    0.3398,
    0.3096,
    0.3328,
    0.3128,
    0.3197,
    0.3681,
    0.3579,
    0.3773,
    0.3031,
    0.3492,
    0.3566,
    0.3143,
    0.3658
  ],
  "accept_rate_u_mean": 0.33883684210526316,
  "accept_rate_u_per_j": [
    0.3669,
    0.3738,
    0.3105,
    0.2907,
    0.3324,
    0.3143,
    0.3633,
    0.2801,
    0.3463,
    0.3585,
    0.3778,
    0.3502,
    0.3747,
    0.3337,
    0.3483,
    0.3289,
    0.3763,
    0.3105,
    0.3007
  ],
  "accept_rate_log_tau": 0.367,
  "hyperparams": {
    "sigma_alpha": 5.0,
    "s_beta": 2.5,
    "s_tau": 2.5,
    "prior_family": "half_normal"
  },
  "proposal_sd": {
    "alpha": 0.0675,
    "beta": [
      0.050625,
      0.050625,
      0.0759375,
      0.050625,
      0.050625,
      0.050625,
      0.050625,
      0.050625,
      0.0759375,
      0.0759375,
      0.0759375,
      0.17085937500000004,
      0.5766503906250001,
      0.3844335937500001,
      0.5766503906250001,
      0.3844335937500001,
      0.17085937500000004,
      0.25628906250000005,
      0.3844335937500001,
      0.25628906250000005,
      0.3844335937500001,
      0.25628906250000005,
      0.3844335937500001,
      0.25628906250000005,
      0.3844335937500001,
      0.25628906250000005,
      0.17085937500000004,
      0.3844335937500001,
      0.0759375,
      0.11390625000000001,
      0.17085937500000004,
      0.17085937500000004,
      0.25628906250000005,
      0.25628906250000005,
      0.25628906250000005,
      0.11390625000000001,
      0.0759375,
      0.0759375,
      0.0759375,
      0.11390625000000001,
      0.050625,
      0.25628906250000005,
      0.11390625000000001
    ],
    "u": [
      0.16875,
      0.16875,
      0.16875,
      0.56953125,
      0.11250000000000002,
      0.37968750000000007,
      0.56953125,
      0.37968750000000007,
      0.37968750000000007,
      0.25312500000000004,
      0.37968750000000007,
      0.37968750000000007,
      0.37968750000000007,
      0.37968750000000007,
      0.56953125,
      0.25312500000000004,
      0.56953125,
      0.56953125,
      0.56953125
    ],
    "log_tau": 0.50625
  },
  "seed": 1724
}