{
  "chain_id": 0,
  "n_iter": 10000,
  "burnin": 3000,
  "thin": 5,
  "n_saved": 1400,
  "runtime_sec": 9700.933048009872,
  "accept_rate_alpha": 0.2396,
  "accept_rate_beta_mean": 0.2602488372093023,
  "accept_rate_beta_per_k": [
    0.285,
    0.3101,
    0.2242,
    0.2055,
    0.2943,
    0.2489,
    0.2338,
    0.2284,
    0.2145,
    0.227,
    0.2874,
    0.2261,
    0.3301,
    0.2902,
    0.2439,
    0.2934,
    0.2233,
    0.3237,
    0.2578,
    0.2695,
    0.2707,
    0.2255,
    0.2584,
    0.2699,
    0.227,
    0.2452,
    0.2845,
    0.2761,
    0.2704,
    0.2399,
    0.2598,
    0.2273,
    0.2606,
    0.253,
    0.2484,
    0.2899,
    0.2918,
    0.2991,
    0.2416,
    0.2882,
    0.2855,
    0.2547,
    0.2061
  ],
  "accept_rate_u_mean": 0.27014,
  "accept_rate_u_per_j": [
    0.2617,
    0.2605,
    0.2263,
    0.3008,
    0.233,
    0.3079,
    0.2538,
    0.2849,
    0.244,
    0.2522,
    0.2587,
    0.3478,
    0.2751,
    0.2357,
    0.3414,
    0.2265,
    0.2632,
    0.3055,
    0.2207,
    0.3031
  ],
  "accept_rate_log_tau": 0.3671,
  "hyperparams": {
    "sigma_alpha": 5.0,
    "s_beta": 2.5,
    "s_tau": 2.5,
    "prior_family": "half_normal"
  },
  "proposal_sd": {
    "alpha": 0.0675,
    "beta": [
      0.050625,
      0.050625,
      0.0759375,
      0.0759375,
      0.050625,
      0.050625,
      0.050625,
      0.0759375,
      0.0759375,
      0.0759375,
      0.0759375,
      0.17085937500000004,
      0.5766503906250001,
      0.3844335937500001,
      0.5766503906250001,
      0.3844335937500001,
      0.25628906250000005,
      0.17085937500000004,
      0.3844335937500001,
      0.25628906250000005,
      0.3844335937500001,
      0.25628906250000005,
      0.3844335937500001,
      0.25628906250000005,
      0.3844335937500001,
      0.25628906250000005,
      0.17085937500000004,
      0.3844335937500001,
      0.0759375,
      0.11390625000000001,
      0.17085937500000004,
      0.17085937500000004,
      0.25628906250000005,
      0.25628906250000005,
      0.25628906250000005,
      0.11390625000000001,
      0.0759375,
      0.0759375,
      0.0759375,
      0.11390625000000001,
      0.050625,
      0.25628906250000005,
      0.17085937500000004
    ],
    "u": [
      0.25312500000000004,
      0.25312500000000004,
      0.25312500000000004,
      0.56953125,
      0.16875,
      0.37968750000000007,
      0.8542968750000001,
      0.37968750000000007,
      0.56953125,
      0.37968750000000007,
      0.56953125,
      0.37968750000000007,
      0.56953125,
      0.56953125,
      0.56953125,
      0.37968750000000007,
      0.8542968750000001,
      0.56953125,
      0.11250000000000002,
      0.56953125
    ],
    "log_tau": 0.50625
  },
  "seed": 724
}