parameter,label,ESS_chain_0,ESS_chain_1,ESS_chain_2,ESS_chain_3,ESS_mean
alpha,$\alpha$,46.313851481725585,15.351991572325499,46.753190873552974,45.87694129315404,38.573993805189524
beta_0,$\beta_{0}$ (time_in_hospital_z),1743.5818905793487,1845.4676893681074,1703.2297769892011,1933.4714155550248,1806.4376931229203
beta_21,$\beta_{21}$ (diag1_Injury),298.2871175182092,149.91202009518798,207.30694679733944,290.2572351693854,236.4408298950305
beta_42,$\beta_{42}$ (glu_level),336.3959606655193,377.71957505046845,396.2946554974722,349.3766634100127,364.94671365586817
tau,$\tau$,1574.7838662219954,447.1817352891052,1623.377395013167,1461.1458100355094,1276.6222016399443
u_0,$u_{0}$ (Cardiology),67.87388315191717,53.36528782809897,57.57585313233071,94.82093116790173,68.40898882006215
u_10,$u_{10}$ (PhysicalMedicineandR),166.20630265965522,149.7340861847702,202.63021171021757,246.66476393304706,191.30884112192254
u_19,$u_{19}$ (Urology),233.16630103253195,152.95098022388518,280.7648862466957,307.55325363619085,243.60885528482595
