parameter,label,ESS_chain_0,ESS_chain_1,ESS_chain_2,ESS_chain_3,ESS_mean
alpha,$\alpha$,60.015121471020784,53.008265959871764,33.0518075625693,48.817883241128655,48.72326955864763
beta_0,$\beta_{0}$ (time_in_hospital_z),2150.7042886079375,1923.585686105398,2240.57112841143,1990.0763874119045,2076.2343726341674
beta_21,$\beta_{21}$ (diag1_Injury),341.65292049317725,233.71892649114153,185.99313171867965,260.8345357982218,255.5498786253051
beta_42,$\beta_{42}$ (glu_level),284.9591820129463,497.97284549797183,380.0550848727062,404.34044655634716,391.83188973499284
tau,$\tau$,1816.3258949923784,1363.4902366911626,1718.0514788374328,781.3217638064798,1419.7973435818635
u_0,$u_{0}$ (Cardiology),132.90698079416865,81.5495527825033,71.29348409583284,84.41258964431906,92.54065182920596
u_9,$u_{9}$ (Other),192.50590083458258,95.34435288268851,91.53054362674187,107.7667576102248,121.78688873855944
u_18,$u_{18}$ (Urology),330.3559667585328,231.8094740732196,245.04610365140954,201.16997566843048,252.0953800378981
