parameter,label,ESS_chain_0,ESS_chain_1,ESS_chain_2,ESS_chain_3,ESS_mean
alpha,$\alpha$,4.699549732527934,30.802661053460877,13.83138890533433,28.270950906906045,19.401137649557295
beta_0,$\beta_{0}$ (time_in_hospital_z),335.7581361041562,267.2255481748137,371.4967045731523,224.17831341886526,299.6646755677468
beta_21,$\beta_{21}$ (diag1_Injury),63.000538819877754,114.09624917684097,173.95393863944713,340.8239453755828,172.96866800293716
beta_42,$\beta_{42}$ (glu_level),188.12492572887734,188.0399596757466,201.16189204399882,150.0443789483666,181.84278909924734
tau,$\tau$,6.893017350799147,1598.1216254968256,284.31375295149047,1333.7469384670496,805.7688335665412
u_0,$u_{0}$ (Cardiology),4.558066738505893,53.923706293245694,13.800163406458095,47.174818429772515,29.86418871699555
u_10,$u_{10}$ (PhysicalMedicineandR),6.525940715530854,230.94586432104177,29.048934582172375,136.8565321838834,100.84431795065709
u_19,$u_{19}$ (Urology),6.008221316060363,314.5265205205246,36.188943683847434,132.39505471445557,122.279685058722
