D_bar,D_theta_bar,pD,DIC
23193.58399204861,23133.120142821797,60.46384922681318,23254.047841275424
