{
  "chain_id": 3,
  "n_iter": 20000,
  "burnin": 5000,
  "thin": 5,
  "n_saved": 3000,
  "runtime_sec": 1370.5444583892822,
  "accept_rate_alpha": 0.1096,
  "accept_rate_beta_mean": 0.1965732558139535,
  "accept_rate_beta_per_k": [
    0.06015,
    0.06825,
    0.06495,
    0.0636,
    0.0599,
    0.0549,
    0.046,
    0.07095,
    0.06975,
    0.0673,
    0.09115,
    0.1494,
    0.57955,
    0.41035,
    0.4719,
    0.4042,
    0.2189,
    0.223,
    0.37295,
    0.27875,
    0.3707,
    0.22345,
    0.36625,
    0.26615,
    0.32015,
    0.23625,
    0.1938,
    0.3881,
    0.0869,
    0.10495,
    0.1786,
    0.1547,
    0.26315,
    0.24135,
    0.246,
    0.1331,
    0.0912,
    0.0963,
    0.07375,
    0.134,
    0.05565,
    0.2616,
    0.14065
  ],
  "accept_rate_u_mean": 0.2201775,
  "accept_rate_u_per_j": [
    0.1223,
    0.12445,
    0.09805,
    0.28595,
    0.0734,
    0.2121,
    0.3546,
    0.1994,
    0.233,
    0.16945,
    0.2658,
    0.247,
    0.26875,
    0.2424,
    0.33695,
    0.15665,
    0.3674,
    0.29855,
    0.0449,
    0.30245
  ],
  "accept_rate_log_tau": 0.3623,
  "hyperparams": {
    "sigma_alpha": 5.0,
    "s_beta": 2.5,
    "s_tau": 1.0,
    "prior_family": "half_normal"
  },
  "proposal_sd": {
    "alpha": 0.151875,
    "beta": 0.256289,
    "u": 0.569531,
    "log_tau": 0.50625
  },
  "seed": 3724
}