{
  "chain_id": 1,
  "n_iter": 30000,
  "burnin": 8000,
  "thin": 5,
  "n_saved": 4400,
  "runtime_sec": 2102.5067479610443,
  "accept_rate_alpha": 0.2371,
  "accept_rate_beta_mean": 0.2580418604651163,
  "accept_rate_beta_per_k": [
    0.2936666666666667,
    0.3027,
    0.21886666666666665,
    0.20913333333333334,
    0.29246666666666665,
    0.24756666666666666,
    0.2238,
    0.22753333333333334,
    0.22303333333333333,
    0.21663333333333334,
    0.28763333333333335,
    0.22533333333333333,
    0.3299,
    0.2901,
    0.24426666666666666,
    0.29286666666666666,
    0.21836666666666665,
    0.3151333333333333,
    0.25426666666666664,
    0.2814333333333333,
    0.2546333333333333,
    0.22543333333333335,
    0.264,
    0.26903333333333335,
    0.2227,
    0.23603333333333334,
    0.27713333333333334,
    0.2704666666666667,
    0.2656,
    0.23466666666666666,
    0.2578666666666667,
    0.23083333333333333,
    0.25653333333333334,
    0.2502666666666667,
    0.24136666666666667,
    0.28883333333333333,
    0.28676666666666667,
    0.30133333333333334,
    0.24143333333333333,
    0.28053333333333336,
    0.27936666666666665,
    0.25856666666666667,
    0.2077
  ],
  "accept_rate_u_mean": 0.26848333333333335,
  "accept_rate_u_per_j": [
    0.2638666666666667,
    0.2583666666666667,
    0.2165,
    0.28586666666666666,
    0.2327,
    0.3144,
    0.2494,
    0.2855333333333333,
    0.23853333333333335,
    0.2502666666666667,
    0.2614666666666667,
    0.35026666666666667,
    0.26966666666666667,
    0.23696666666666666,
    0.3351,
    0.23456666666666667,
    0.26356666666666667,
    0.3007666666666667,
    0.22413333333333332,
    0.29773333333333335
  ],
  "accept_rate_log_tau": 0.36623333333333336,
  "hyperparams": {
    "sigma_alpha": 5.0,
    "s_beta": 2.5,
    "s_tau": 1.0,
    "prior_family": "half_normal"
  },
  "proposal_sd": {
    "alpha": 0.0675,
    "beta": [
      0.050625,
      0.050625,
      0.0759375,
      0.0759375,
      0.050625,
      0.050625,
      0.050625,
      0.0759375,
      0.0759375,
      0.0759375,
      0.0759375,
      0.17085937500000004,
      0.5766503906250001,
      0.3844335937500001,
      0.5766503906250001,
      0.3844335937500001,
      0.25628906250000005,
      0.17085937500000004,
      0.3844335937500001,
      0.25628906250000005,
      0.3844335937500001,
      0.25628906250000005,
      0.3844335937500001,
      0.25628906250000005,
      0.3844335937500001,
      0.25628906250000005,
      0.17085937500000004,
      0.3844335937500001,
      0.0759375,
      0.11390625000000001,
      0.17085937500000004,
      0.17085937500000004,
      0.25628906250000005,
      0.25628906250000005,
      0.25628906250000005,
      0.11390625000000001,
      0.0759375,
      0.0759375,
      0.0759375,
      0.11390625000000001,
      0.050625,
      0.25628906250000005,
      0.17085937500000004
    ],
    "u": [
      0.25312500000000004,
      0.25312500000000004,
      0.25312500000000004,
      0.56953125,
      0.16875,
      0.37968750000000007,
      0.8542968750000001,
      0.37968750000000007,
      0.56953125,
      0.37968750000000007,
      0.56953125,
      0.37968750000000007,
      0.56953125,
      0.56953125,
      0.56953125,
      0.37968750000000007,
      0.8542968750000001,
      0.56953125,
      0.11250000000000002,
      0.56953125
    ],
    "log_tau": 0.50625
  },
  "seed": 1724
}