{
  "chain_id": 3,
  "n_iter": 30000,
  "burnin": 8000,
  "thin": 5,
  "n_saved": 4400,
  "runtime_sec": 979.4207401275635,
  "accept_rate_alpha": 0.3079,
  "accept_rate_beta_mean": 0.3343953488372093,
  "accept_rate_beta_per_k": [
    0.3645,
    0.38383333333333336,
    0.2837,
    0.3813666666666667,
    0.3717,
    0.31953333333333334,
    0.29613333333333336,
    0.40886666666666666,
    0.2906,
    0.27823333333333333,
    0.3565,
    0.2793333333333333,
    0.3920666666666667,
    0.3562,
    0.3005333333333333,
    0.35983333333333334,
    0.3958333333333333,
    0.2843333333333333,
    0.32616666666666666,
    0.3625,
    0.3375,
    0.2973,
    0.31356666666666666,
    0.3139,
    0.28826666666666667,
    0.31066666666666665,
    0.3639,
    0.32053333333333334,
    0.3403333333333333,
    0.2877,
    0.33676666666666666,
    0.3121,
    0.33163333333333334,
    0.31153333333333333,
    0.31556666666666666,
    0.36756666666666665,
    0.3611333333333333,
    0.37893333333333334,
    0.30623333333333336,
    0.3631,
    0.34696666666666665,
    0.31383333333333335,
    0.3682
  ],
  "accept_rate_u_mean": 0.33591929824561406,
  "accept_rate_u_per_j": [
    0.37306666666666666,
    0.36323333333333335,
    0.3148666666666667,
    0.2814,
    0.3334666666666667,
    0.3141333333333333,
    0.3554333333333333,
    0.2845,
    0.3396666666666667,
    0.3579,
    0.37043333333333334,
    0.3470666666666667,
    0.3871,
    0.33176666666666665,
    0.3368,
    0.3299,
    0.3663,
    0.2972,
    0.29823333333333335
  ],
  "accept_rate_log_tau": 0.37193333333333334,
  "hyperparams": {
    "sigma_alpha": 5.0,
    "s_beta": 2.5,
    "s_tau": 1.0,
    "prior_family": "half_normal"
  },
  "proposal_sd": {
    "alpha": 0.0675,
    "beta": [
      0.050625,
      0.050625,
      0.0759375,
      0.050625,
      0.050625,
      0.050625,
      0.050625,
      0.050625,
      0.0759375,
      0.0759375,
      0.0759375,
      0.17085937500000004,
      0.5766503906250001,
      0.3844335937500001,
      0.5766503906250001,
      0.3844335937500001,
      0.17085937500000004,
      0.25628906250000005,
      0.3844335937500001,
      0.25628906250000005,
      0.3844335937500001,
      0.25628906250000005,
      0.3844335937500001,
      0.25628906250000005,
      0.3844335937500001,
      0.25628906250000005,
      0.17085937500000004,
      0.3844335937500001,
      0.0759375,
      0.11390625000000001,
      0.17085937500000004,
      0.17085937500000004,
      0.25628906250000005,
      0.25628906250000005,
      0.25628906250000005,
      0.11390625000000001,
      0.0759375,
      0.0759375,
      0.0759375,
      0.11390625000000001,
      0.050625,
      0.25628906250000005,
      0.11390625000000001
    ],
    "u": [
      0.16875,
      0.16875,
      0.16875,
      0.56953125,
      0.11250000000000002,
      0.37968750000000007,
      0.56953125,
      0.37968750000000007,
      0.37968750000000007,
      0.25312500000000004,
      0.37968750000000007,
      0.37968750000000007,
      0.37968750000000007,
      0.37968750000000007,
      0.56953125,
      0.25312500000000004,
      0.56953125,
      0.56953125,
      0.56953125
    ],
    "log_tau": 0.50625
  },
  "seed": 3724
}