{
  "chain_id": 0,
  "n_iter": 30000,
  "burnin": 8000,
  "thin": 5,
  "n_saved": 4400,
  "runtime_sec": 3358.2915620803833,
  "accept_rate_alpha": 0.23906666666666668,
  "accept_rate_beta_mean": 0.25840542635658914,
  "accept_rate_beta_per_k": [
    0.2885333333333333,
    0.31196666666666667,
    0.21186666666666668,
    0.20746666666666666,
    0.29446666666666665,
    0.2508666666666667,
    0.22753333333333334,
    0.22626666666666667,
    0.2231,
    0.22176666666666667,
    0.28783333333333333,
    0.2251,
    0.33113333333333334,
    0.2939,
    0.24753333333333333,
    0.2920333333333333,
    0.22416666666666665,
    0.3239666666666667,
    0.25706666666666667,
    0.27673333333333333,
    0.2599,
    0.22556666666666667,
    0.25793333333333335,
    0.2739666666666667,
    0.22013333333333332,
    0.23946666666666666,
    0.2740666666666667,
    0.26803333333333335,
    0.26586666666666664,
    0.23506666666666667,
    0.2552,
    0.2324,
    0.2573666666666667,
    0.2517,
    0.2437,
    0.28503333333333336,
    0.2851666666666667,
    0.3003,
    0.23836666666666667,
    0.2813333333333333,
    0.27553333333333335,
    0.2594,
    0.20263333333333333
  ],
  "accept_rate_u_mean": 0.267335,
  "accept_rate_u_per_j": [
    0.2608666666666667,
    0.2612333333333333,
    0.21846666666666667,
    0.2897,
    0.2327,
    0.30673333333333336,
    0.24936666666666665,
    0.2845,
    0.23503333333333334,
    0.2492,
    0.25926666666666665,
    0.35126666666666667,
    0.26676666666666665,
    0.23483333333333334,
    0.3341,
    0.22573333333333334,
    0.26263333333333333,
    0.30323333333333335,
    0.22336666666666666,
    0.2977
  ],
  "accept_rate_log_tau": 0.3636666666666667,
  "hyperparams": {
    "sigma_alpha": 5.0,
    "s_beta": 2.5,
    "s_tau": 1.0,
    "prior_family": "half_normal"
  },
  "proposal_sd": {
    "alpha": 0.0675,
    "beta": [
      0.050625,
      0.050625,
      0.0759375,
      0.0759375,
      0.050625,
      0.050625,
      0.050625,
      0.0759375,
      0.0759375,
      0.0759375,
      0.0759375,
      0.17085937500000004,
      0.5766503906250001,
      0.3844335937500001,
      0.5766503906250001,
      0.3844335937500001,
      0.25628906250000005,
      0.17085937500000004,
      0.3844335937500001,
      0.25628906250000005,
      0.3844335937500001,
      0.25628906250000005,
      0.3844335937500001,
      0.25628906250000005,
      0.3844335937500001,
      0.25628906250000005,
      0.17085937500000004,
      0.3844335937500001,
      0.0759375,
      0.11390625000000001,
      0.17085937500000004,
      0.17085937500000004,
      0.25628906250000005,
      0.25628906250000005,
      0.25628906250000005,
      0.11390625000000001,
      0.0759375,
      0.0759375,
      0.0759375,
      0.11390625000000001,
      0.050625,
      0.25628906250000005,
      0.17085937500000004
    ],
    "u": [
      0.25312500000000004,
      0.25312500000000004,
      0.25312500000000004,
      0.56953125,
      0.16875,
      0.37968750000000007,
      0.8542968750000001,
      0.37968750000000007,
      0.56953125,
      0.37968750000000007,
      0.56953125,
      0.37968750000000007,
      0.56953125,
      0.56953125,
      0.56953125,
      0.37968750000000007,
      0.8542968750000001,
      0.56953125,
      0.11250000000000002,
      0.56953125
    ],
    "log_tau": 0.50625
  },
  "seed": 724
}