{
  "chain_id": 1,
  "n_iter": 20000,
  "burnin": 5000,
  "thin": 5,
  "n_saved": 3000,
  "runtime_sec": 1383.2794680595398,
  "accept_rate_alpha": 0.11265,
  "accept_rate_beta_mean": 0.1962360465116279,
  "accept_rate_beta_per_k": [
    0.0597,
    0.06525,
    0.06955,
    0.0658,
    0.06185,
    0.0513,
    0.04735,
    0.0707,
    0.07025,
    0.0682,
    0.0937,
    0.15315,
    0.58025,
    0.4026,
    0.47565,
    0.40575,
    0.21735,
    0.2193,
    0.36245,
    0.2814,
    0.36255,
    0.22075,
    0.37145,
    0.2658,
    0.31715,
    0.24125,
    0.1905,
    0.37915,
    0.0834,
    0.1062,
    0.17935,
    0.15755,
    0.259,
    0.24915,
    0.23965,
    0.1385,
    0.09245,
    0.09625,
    0.0758,
    0.1303,
    0.0584,
    0.2631,
    0.1389
  ],
  "accept_rate_u_mean": 0.2199225,
  "accept_rate_u_per_j": [
    0.1248,
    0.1216,
    0.09795,
    0.28595,
    0.07385,
    0.21725,
    0.3501,
    0.1982,
    0.236,
    0.1717,
    0.26455,
    0.2455,
    0.268,
    0.23385,
    0.337,
    0.1581,
    0.3673,
    0.3015,
    0.04965,
    0.2956
  ],
  "accept_rate_log_tau": 0.3675,
  "hyperparams": {
    "sigma_alpha": 5.0,
    "s_beta": 2.5,
    "s_tau": 1.0,
    "prior_family": "half_normal"
  },
  "proposal_sd": {
    "alpha": 0.151875,
    "beta": 0.256289,
    "u": 0.569531,
    "log_tau": 0.50625
  },
  "seed": 1724
}