{
  "chain_id": 2,
  "n_iter": 20000,
  "burnin": 5000,
  "thin": 5,
  "n_saved": 3000,
  "runtime_sec": 1397.0733966827393,
  "accept_rate_alpha": 0.115,
  "accept_rate_beta_mean": 0.1971081395348837,
  "accept_rate_beta_per_k": [
    0.063,
    0.0652,
    0.0657,
    0.06405,
    0.0614,
    0.0506,
    0.0485,
    0.0652,
    0.0722,
    0.06865,
    0.0895,
    0.15605,
    0.57855,
    0.4086,
    0.47735,
    0.40785,
    0.22675,
    0.2214,
    0.3644,
    0.2809,
    0.3636,
    0.23185,
    0.37165,
    0.2671,
    0.3205,
    0.24305,
    0.192,
    0.3755,
    0.08795,
    0.10565,
    0.17795,
    0.1565,
    0.2618,
    0.24465,
    0.23985,
    0.13875,
    0.08905,
    0.0998,
    0.0773,
    0.13195,
    0.0549,
    0.2629,
    0.14555
  ],
  "accept_rate_u_mean": 0.219945,
  "accept_rate_u_per_j": [
    0.1221,
    0.12245,
    0.0976,
    0.2841,
    0.06845,
    0.2162,
    0.3533,
    0.19465,
    0.24115,
    0.17265,
    0.26965,
    0.24265,
    0.2737,
    0.2375,
    0.3378,
    0.15515,
    0.36575,
    0.3053,
    0.04645,
    0.2923
  ],
  "accept_rate_log_tau": 0.36175,
  "hyperparams": {
    "sigma_alpha": 5.0,
    "s_beta": 2.5,
    "s_tau": 1.0,
    "prior_family": "half_normal"
  },
  "proposal_sd": {
    "alpha": 0.151875,
    "beta": 0.256289,
    "u": 0.569531,
    "log_tau": 0.50625
  },
  "seed": 2724
}