{
  "chain_id": 2,
  "n_iter": 30000,
  "burnin": 8000,
  "thin": 5,
  "n_saved": 4400,
  "runtime_sec": 1722.6594970226288,
  "accept_rate_alpha": 0.30573333333333336,
  "accept_rate_beta_mean": 0.3310782945736434,
  "accept_rate_beta_per_k": [
    0.3635333333333333,
    0.3843,
    0.2846666666666667,
    0.37553333333333333,
    0.373,
    0.32366666666666666,
    0.2896,
    0.2911,
    0.2935333333333333,
    0.2829,
    0.351,
    0.2814,
    0.3862,
    0.3544,
    0.41186666666666666,
    0.3611333333333333,
    0.28496666666666665,
    0.2873,
    0.32376666666666665,
    0.3567,
    0.34073333333333333,
    0.29386666666666666,
    0.3172,
    0.3125,
    0.293,
    0.30683333333333335,
    0.3586666666666667,
    0.32203333333333334,
    0.33936666666666665,
    0.2938,
    0.3412,
    0.3097666666666667,
    0.33703333333333335,
    0.3117333333333333,
    0.3123666666666667,
    0.36943333333333334,
    0.3537,
    0.3738666666666667,
    0.30873333333333336,
    0.3544,
    0.3416,
    0.31606666666666666,
    0.3679
  ],
  "accept_rate_u_mean": 0.34114035087719297,
  "accept_rate_u_per_j": [
    0.36766666666666664,
    0.3694,
    0.3111333333333333,
    0.40073333333333333,
    0.3266,
    0.3100333333333333,
    0.35213333333333335,
    0.2866666666666667,
    0.3359,
    0.35963333333333336,
    0.3705333333333333,
    0.34873333333333334,
    0.3768,
    0.33703333333333335,
    0.33986666666666665,
    0.32703333333333334,
    0.3661,
    0.29893333333333333,
    0.29673333333333335
  ],
  "accept_rate_log_tau": 0.3711,
  "accept_rate_block": 0.4528466666666667,
  "hyperparams": {
    "sigma_alpha": 5.0,
    "s_beta": 2.5,
    "s_tau": 1.0,
    "prior_family": "half_normal"
  },
  "proposal_sd": {
    "alpha": 0.0675,
    "beta": [
      0.050625,
      0.050625,
      0.0759375,
      0.050625,
      0.050625,
      0.050625,
      0.050625,
      0.0759375,
      0.0759375,
      0.0759375,
      0.0759375,
      0.17085937500000004,
      0.5766503906250001,
      0.3844335937500001,
      0.3844335937500001,
      0.3844335937500001,
      0.25628906250000005,
      0.25628906250000005,
      0.3844335937500001,
      0.25628906250000005,
      0.3844335937500001,
      0.25628906250000005,
      0.3844335937500001,
      0.25628906250000005,
      0.3844335937500001,
      0.25628906250000005,
      0.17085937500000004,
      0.3844335937500001,
      0.0759375,
      0.11390625000000001,
      0.17085937500000004,
      0.17085937500000004,
      0.25628906250000005,
      0.25628906250000005,
      0.25628906250000005,
      0.11390625000000001,
      0.0759375,
      0.0759375,
      0.0759375,
      0.11390625000000001,
      0.050625,
      0.25628906250000005,
      0.11390625000000001
    ],
    "u": [
      0.16875,
      0.16875,
      0.16875,
      0.37968750000000007,
      0.11250000000000002,
      0.37968750000000007,
      0.56953125,
      0.37968750000000007,
      0.37968750000000007,
      0.25312500000000004,
      0.37968750000000007,
      0.37968750000000007,
      0.37968750000000007,
      0.37968750000000007,
      0.56953125,
      0.25312500000000004,
      0.56953125,
      0.56953125,
      0.56953125
    ],
    "log_tau": 0.50625,
    "block": 0.22781250000000003
  },
  "seed": 2724
}