{
  "chain_id": 3,
  "n_iter": 30000,
  "burnin": 8000,
  "thin": 5,
  "n_saved": 4400,
  "runtime_sec": 1703.4397649765015,
  "accept_rate_alpha": 0.3016666666666667,
  "accept_rate_beta_mean": 0.3314348837209302,
  "accept_rate_beta_per_k": [
    0.3667666666666667,
    0.38726666666666665,
    0.28503333333333336,
    0.3787,
    0.3690333333333333,
    0.32266666666666666,
    0.29446666666666665,
    0.2917,
    0.2939333333333333,
    0.28023333333333333,
    0.35813333333333336,
    0.28136666666666665,
    0.38066666666666665,
    0.35786666666666667,
    0.41313333333333335,
    0.36033333333333334,
    0.2905333333333333,
    0.2839,
    0.32083333333333336,
    0.3595333333333333,
    0.3406,
    0.2920333333333333,
    0.3094,
    0.31393333333333334,
    0.2918,
    0.3135,
    0.3571666666666667,
    0.3277333333333333,
    0.34603333333333336,
    0.2929,
    0.3341,
    0.31066666666666665,
    0.33066666666666666,
    0.31583333333333335,
    0.3206333333333333,
    0.36406666666666665,
    0.35733333333333334,
    0.37196666666666667,
    0.30346666666666666,
    0.353,
    0.345,
    0.3161333333333333,
    0.3676333333333333
  ],
  "accept_rate_u_mean": 0.3422859649122807,
  "accept_rate_u_per_j": [
    0.37266666666666665,
    0.3693,
    0.3154,
    0.3978,
    0.3319666666666667,
    0.31366666666666665,
    0.3532,
    0.2851666666666667,
    0.3381,
    0.35176666666666667,
    0.3721333333333333,
    0.34346666666666664,
    0.37903333333333333,
    0.34286666666666665,
    0.3395,
    0.3268333333333333,
    0.3650333333333333,
    0.30566666666666664,
    0.29986666666666667
  ],
  "accept_rate_log_tau": 0.3726333333333333,
  "accept_rate_block": 0.45399,
  "hyperparams": {
    "sigma_alpha": 5.0,
    "s_beta": 2.5,
    "s_tau": 1.0,
    "prior_family": "half_normal"
  },
  "proposal_sd": {
    "alpha": 0.0675,
    "beta": [
      0.050625,
      0.050625,
      0.0759375,
      0.050625,
      0.050625,
      0.050625,
      0.050625,
      0.0759375,
      0.0759375,
      0.0759375,
      0.0759375,
      0.17085937500000004,
      0.5766503906250001,
      0.3844335937500001,
      0.3844335937500001,
      0.3844335937500001,
      0.25628906250000005,
      0.25628906250000005,
      0.3844335937500001,
      0.25628906250000005,
      0.3844335937500001,
      0.25628906250000005,
      0.3844335937500001,
      0.25628906250000005,
      0.3844335937500001,
      0.25628906250000005,
      0.17085937500000004,
      0.3844335937500001,
      0.0759375,
      0.11390625000000001,
      0.17085937500000004,
      0.17085937500000004,
      0.25628906250000005,
      0.25628906250000005,
      0.25628906250000005,
      0.11390625000000001,
      0.0759375,
      0.0759375,
      0.0759375,
      0.11390625000000001,
      0.050625,
      0.25628906250000005,
      0.11390625000000001
    ],
    "u": [
      0.16875,
      0.16875,
      0.16875,
      0.37968750000000007,
      0.11250000000000002,
      0.37968750000000007,
      0.56953125,
      0.37968750000000007,
      0.37968750000000007,
      0.25312500000000004,
      0.37968750000000007,
      0.37968750000000007,
      0.37968750000000007,
      0.37968750000000007,
      0.56953125,
      0.25312500000000004,
      0.56953125,
      0.56953125,
      0.56953125
    ],
    "log_tau": 0.50625,
    "block": 0.22781250000000003
  },
  "seed": 3724
}