{
  "chain_id": 0,
  "n_iter": 20000,
  "burnin": 5000,
  "thin": 5,
  "n_saved": 3000,
  "runtime_sec": 1390.2739820480347,
  "accept_rate_alpha": 0.11145,
  "accept_rate_beta_mean": 0.19650813953488372,
  "accept_rate_beta_per_k": [
    0.06085,
    0.0662,
    0.06735,
    0.06275,
    0.0655,
    0.0535,
    0.04675,
    0.0697,
    0.0686,
    0.0688,
    0.0918,
    0.1538,
    0.5743,
    0.405,
    0.47135,
    0.40465,
    0.2252,
    0.21845,
    0.36535,
    0.27805,
    0.3698,
    0.2317,
    0.36485,
    0.27035,
    0.32085,
    0.2388,
    0.18805,
    0.3799,
    0.08325,
    0.1076,
    0.176,
    0.15575,
    0.2591,
    0.25175,
    0.2454,
    0.13415,
    0.0897,
    0.09285,
    0.07525,
    0.1351,
    0.05915,
    0.25975,
    0.1428
  ],
  "accept_rate_u_mean": 0.2226775,
  "accept_rate_u_per_j": [
    0.12635,
    0.12355,
    0.10335,
    0.2903,
    0.0738,
    0.21655,
    0.36225,
    0.19665,
    0.2408,
    0.17415,
    0.26315,
    0.24775,
    0.2708,
    0.2374,
    0.34065,
    0.1567,
    0.37745,
    0.3043,
    0.04735,
    0.30025
  ],
  "accept_rate_log_tau": 0.358,
  "hyperparams": {
    "sigma_alpha": 5.0,
    "s_beta": 2.5,
    "s_tau": 1.0,
    "prior_family": "half_normal"
  },
  "proposal_sd": {
    "alpha": 0.151875,
    "beta": 0.256289,
    "u": 0.569531,
    "log_tau": 0.50625
  },
  "seed": 724
}