{
  "chain_id": 1,
  "n_iter": 30000,
  "burnin": 8000,
  "thin": 5,
  "n_saved": 4400,
  "runtime_sec": 971.7931730747223,
  "accept_rate_alpha": 0.29936666666666667,
  "accept_rate_beta_mean": 0.33376821705426357,
  "accept_rate_beta_per_k": [
    0.3636666666666667,
    0.3851,
    0.2794,
    0.3756333333333333,
    0.37156666666666666,
    0.3216333333333333,
    0.28913333333333335,
    0.4059,
    0.28796666666666665,
    0.2781,
    0.3599333333333333,
    0.2816666666666667,
    0.3859,
    0.35333333333333333,
    0.29606666666666664,
    0.3588,
    0.3981,
    0.2904,
    0.32056666666666667,
    0.3566,
    0.34173333333333333,
    0.2916,
    0.3116,
    0.31443333333333334,
    0.2930333333333333,
    0.313,
    0.36243333333333333,
    0.3233333333333333,
    0.3401666666666667,
    0.2916666666666667,
    0.3379,
    0.3095333333333333,
    0.3376,
    0.31346666666666667,
    0.31743333333333335,
    0.3693,
    0.3565,
    0.3792,
    0.3061333333333333,
    0.35286666666666666,
    0.3448,
    0.31533333333333335,
    0.3695
  ],
  "accept_rate_u_mean": 0.3364456140350877,
  "accept_rate_u_per_j": [
    0.3632666666666667,
    0.37083333333333335,
    0.31196666666666667,
    0.28536666666666666,
    0.32903333333333334,
    0.31966666666666665,
    0.3554,
    0.28323333333333334,
    0.34163333333333334,
    0.3560333333333333,
    0.37333333333333335,
    0.3458,
    0.3833,
    0.3352,
    0.3389,
    0.3264666666666667,
    0.3668,
    0.3067,
    0.2995333333333333
  ],
  "accept_rate_log_tau": 0.3647666666666667,
  "hyperparams": {
    "sigma_alpha": 5.0,
    "s_beta": 2.5,
    "s_tau": 1.0,
    "prior_family": "half_normal"
  },
  "proposal_sd": {
    "alpha": 0.0675,
    "beta": [
      0.050625,
      0.050625,
      0.0759375,
      0.050625,
      0.050625,
      0.050625,
      0.050625,
      0.050625,
      0.0759375,
      0.0759375,
      0.0759375,
      0.17085937500000004,
      0.5766503906250001,
      0.3844335937500001,
      0.5766503906250001,
      0.3844335937500001,
      0.17085937500000004,
      0.25628906250000005,
      0.3844335937500001,
      0.25628906250000005,
      0.3844335937500001,
      0.25628906250000005,
      0.3844335937500001,
      0.25628906250000005,
      0.3844335937500001,
      0.25628906250000005,
      0.17085937500000004,
      0.3844335937500001,
      0.0759375,
      0.11390625000000001,
      0.17085937500000004,
      0.17085937500000004,
      0.25628906250000005,
      0.25628906250000005,
      0.25628906250000005,
      0.11390625000000001,
      0.0759375,
      0.0759375,
      0.0759375,
      0.11390625000000001,
      0.050625,
      0.25628906250000005,
      0.11390625000000001
    ],
    "u": [
      0.16875,
      0.16875,
      0.16875,
      0.56953125,
      0.11250000000000002,
      0.37968750000000007,
      0.56953125,
      0.37968750000000007,
      0.37968750000000007,
      0.25312500000000004,
      0.37968750000000007,
      0.37968750000000007,
      0.37968750000000007,
      0.37968750000000007,
      0.56953125,
      0.25312500000000004,
      0.56953125,
      0.56953125,
      0.56953125
    ],
    "log_tau": 0.50625
  },
  "seed": 1724
}