{
  "chain_id": 1,
  "n_iter": 30000,
  "burnin": 8000,
  "thin": 5,
  "n_saved": 4400,
  "runtime_sec": 1754.759332895279,
  "accept_rate_alpha": 0.3036333333333333,
  "accept_rate_beta_mean": 0.33125116279069766,
  "accept_rate_beta_per_k": [
    0.36633333333333334,
    0.3842,
    0.2810666666666667,
    0.37606666666666666,
    0.3733,
    0.31756666666666666,
    0.28936666666666666,
    0.2890333333333333,
    0.2902666666666667,
    0.28,
    0.35756666666666664,
    0.28503333333333336,
    0.3857,
    0.3581,
    0.40926666666666667,
    0.36186666666666667,
    0.2829333333333333,
    0.2897666666666667,
    0.3209666666666667,
    0.3585,
    0.33953333333333335,
    0.29273333333333335,
    0.31816666666666665,
    0.3073666666666667,
    0.29386666666666666,
    0.31106666666666666,
    0.35923333333333335,
    0.3217,
    0.34046666666666664,
    0.2945,
    0.337,
    0.3082,
    0.3339,
    0.3164,
    0.3179,
    0.36593333333333333,
    0.3591,
    0.3821,
    0.3067666666666667,
    0.35556666666666664,
    0.3431666666666667,
    0.3172333333333333,
    0.365
  ],
  "accept_rate_u_mean": 0.34173684210526317,
  "accept_rate_u_per_j": [
    0.37233333333333335,
    0.3695,
    0.31516666666666665,
    0.3979,
    0.3302333333333333,
    0.30973333333333336,
    0.3553,
    0.2884333333333333,
    0.3349666666666667,
    0.3569,
    0.37106666666666666,
    0.34736666666666666,
    0.3797,
    0.3348,
    0.3369333333333333,
    0.32716666666666666,
    0.3617,
    0.30106666666666665,
    0.30273333333333335
  ],
  "accept_rate_log_tau": 0.3765,
  "accept_rate_block": 0.45387666666666665,
  "hyperparams": {
    "sigma_alpha": 5.0,
    "s_beta": 2.5,
    "s_tau": 1.0,
    "prior_family": "half_normal"
  },
  "proposal_sd": {
    "alpha": 0.0675,
    "beta": [
      0.050625,
      0.050625,
      0.0759375,
      0.050625,
      0.050625,
      0.050625,
      0.050625,
      0.0759375,
      0.0759375,
      0.0759375,
      0.0759375,
      0.17085937500000004,
      0.5766503906250001,
      0.3844335937500001,
      0.3844335937500001,
      0.3844335937500001,
      0.25628906250000005,
      0.25628906250000005,
      0.3844335937500001,
      0.25628906250000005,
      0.3844335937500001,
      0.25628906250000005,
      0.3844335937500001,
      0.25628906250000005,
      0.3844335937500001,
      0.25628906250000005,
      0.17085937500000004,
      0.3844335937500001,
      0.0759375,
      0.11390625000000001,
      0.17085937500000004,
      0.17085937500000004,
      0.25628906250000005,
      0.25628906250000005,
      0.25628906250000005,
      0.11390625000000001,
      0.0759375,
      0.0759375,
      0.0759375,
      0.11390625000000001,
      0.050625,
      0.25628906250000005,
      0.11390625000000001
    ],
    "u": [
      0.16875,
      0.16875,
      0.16875,
      0.37968750000000007,
      0.11250000000000002,
      0.37968750000000007,
      0.56953125,
      0.37968750000000007,
      0.37968750000000007,
      0.25312500000000004,
      0.37968750000000007,
      0.37968750000000007,
      0.37968750000000007,
      0.37968750000000007,
      0.56953125,
      0.25312500000000004,
      0.56953125,
      0.56953125,
      0.56953125
    ],
    "log_tau": 0.50625,
    "block": 0.22781250000000003
  },
  "seed": 1724
}