{
  "chain_id": 0,
  "n_iter": 30000,
  "burnin": 8000,
  "thin": 5,
  "n_saved": 4400,
  "runtime_sec": 1829.4547929763794,
  "accept_rate_alpha": 0.3082666666666667,
  "accept_rate_beta_mean": 0.3305674418604651,
  "accept_rate_beta_per_k": [
    0.36346666666666666,
    0.3821333333333333,
    0.28303333333333336,
    0.3793,
    0.3636,
    0.3208666666666667,
    0.29286666666666666,
    0.28946666666666665,
    0.2893,
    0.2826666666666667,
    0.35383333333333333,
    0.2806666666666667,
    0.38256666666666667,
    0.3571666666666667,
    0.40923333333333334,
    0.3611666666666667,
    0.2876,
    0.288,
    0.32393333333333335,
    0.3595333333333333,
    0.3405,
    0.2924333333333333,
    0.31253333333333333,
    0.3121333333333333,
    0.2885666666666667,
    0.3081,
    0.35836666666666667,
    0.32903333333333334,
    0.3435,
    0.2876,
    0.3312333333333333,
    0.31153333333333333,
    0.332,
    0.3097,
    0.31396666666666667,
    0.3661333333333333,
    0.36056666666666665,
    0.3734,
    0.30123333333333335,
    0.3606,
    0.34436666666666665,
    0.31316666666666665,
    0.37333333333333335
  ],
  "accept_rate_u_mean": 0.3411017543859649,
  "accept_rate_u_per_j": [
    0.3732333333333333,
    0.3655,
    0.31006666666666666,
    0.4013333333333333,
    0.3305,
    0.31543333333333334,
    0.3549,
    0.28403333333333336,
    0.33576666666666666,
    0.3514333333333333,
    0.3722,
    0.3443333333333333,
    0.3758,
    0.3421666666666667,
    0.33253333333333335,
    0.3304,
    0.36323333333333335,
    0.3014,
    0.2966666666666667
  ],
  "accept_rate_log_tau": 0.3695,
  "accept_rate_block": 0.45369,
  "hyperparams": {
    "sigma_alpha": 5.0,
    "s_beta": 2.5,
    "s_tau": 1.0,
    "prior_family": "half_normal"
  },
  "proposal_sd": {
    "alpha": 0.0675,
    "beta": [
      0.050625,
      0.050625,
      0.0759375,
      0.050625,
      0.050625,
      0.050625,
      0.050625,
      0.0759375,
      0.0759375,
      0.0759375,
      0.0759375,
      0.17085937500000004,
      0.5766503906250001,
      0.3844335937500001,
      0.3844335937500001,
      0.3844335937500001,
      0.25628906250000005,
      0.25628906250000005,
      0.3844335937500001,
      0.25628906250000005,
      0.3844335937500001,
      0.25628906250000005,
      0.3844335937500001,
      0.25628906250000005,
      0.3844335937500001,
      0.25628906250000005,
      0.17085937500000004,
      0.3844335937500001,
      0.0759375,
      0.11390625000000001,
      0.17085937500000004,
      0.17085937500000004,
      0.25628906250000005,
      0.25628906250000005,
      0.25628906250000005,
      0.11390625000000001,
      0.0759375,
      0.0759375,
      0.0759375,
      0.11390625000000001,
      0.050625,
      0.25628906250000005,
      0.11390625000000001
    ],
    "u": [
      0.16875,
      0.16875,
      0.16875,
      0.37968750000000007,
      0.11250000000000002,
      0.37968750000000007,
      0.56953125,
      0.37968750000000007,
      0.37968750000000007,
      0.25312500000000004,
      0.37968750000000007,
      0.37968750000000007,
      0.37968750000000007,
      0.37968750000000007,
      0.56953125,
      0.25312500000000004,
      0.56953125,
      0.56953125,
      0.56953125
    ],
    "log_tau": 0.50625,
    "block": 0.22781250000000003
  },
  "seed": 724
}