{
  "chain_id": 2,
  "n_iter": 30000,
  "burnin": 8000,
  "thin": 5,
  "n_saved": 4400,
  "runtime_sec": 972.44868683815,
  "accept_rate_alpha": 0.3108666666666667,
  "accept_rate_beta_mean": 0.3336875968992248,
  "accept_rate_beta_per_k": [
    0.3586,
    0.38666666666666666,
    0.27676666666666666,
    0.3818,
    0.3716,
    0.31676666666666664,
    0.2915,
    0.40503333333333336,
    0.2880666666666667,
    0.27973333333333333,
    0.35763333333333336,
    0.2791,
    0.3862,
    0.35486666666666666,
    0.29283333333333333,
    0.3649,
    0.39576666666666666,
    0.28736666666666666,
    0.31983333333333336,
    0.356,
    0.3397,
    0.29523333333333335,
    0.3154666666666667,
    0.3142,
    0.2979,
    0.31096666666666667,
    0.3607666666666667,
    0.32606666666666667,
    0.3362,
    0.2938,
    0.3347333333333333,
    0.31616666666666665,
    0.3365666666666667,
    0.3147333333333333,
    0.3158666666666667,
    0.361,
    0.3583,
    0.37606666666666666,
    0.30893333333333334,
    0.356,
    0.34523333333333334,
    0.3144,
    0.36923333333333336
  ],
  "accept_rate_u_mean": 0.33465263157894737,
  "accept_rate_u_per_j": [
    0.37266666666666665,
    0.3698666666666667,
    0.3159666666666667,
    0.2855,
    0.32766666666666666,
    0.30823333333333336,
    0.3539333333333333,
    0.28573333333333334,
    0.33826666666666666,
    0.3463,
    0.3703666666666667,
    0.3485333333333333,
    0.37533333333333335,
    0.3359,
    0.33636666666666665,
    0.3263666666666667,
    0.3672666666666667,
    0.2987,
    0.2954333333333333
  ],
  "accept_rate_log_tau": 0.3698,
  "hyperparams": {
    "sigma_alpha": 5.0,
    "s_beta": 2.5,
    "s_tau": 1.0,
    "prior_family": "half_normal"
  },
  "proposal_sd": {
    "alpha": 0.0675,
    "beta": [
      0.050625,
      0.050625,
      0.0759375,
      0.050625,
      0.050625,
      0.050625,
      0.050625,
      0.050625,
      0.0759375,
      0.0759375,
      0.0759375,
      0.17085937500000004,
      0.5766503906250001,
      0.3844335937500001,
      0.5766503906250001,
      0.3844335937500001,
      0.17085937500000004,
      0.25628906250000005,
      0.3844335937500001,
      0.25628906250000005,
      0.3844335937500001,
      0.25628906250000005,
      0.3844335937500001,
      0.25628906250000005,
      0.3844335937500001,
      0.25628906250000005,
      0.17085937500000004,
      0.3844335937500001,
      0.0759375,
      0.11390625000000001,
      0.17085937500000004,
      0.17085937500000004,
      0.25628906250000005,
      0.25628906250000005,
      0.25628906250000005,
      0.11390625000000001,
      0.0759375,
      0.0759375,
      0.0759375,
      0.11390625000000001,
      0.050625,
      0.25628906250000005,
      0.11390625000000001
    ],
    "u": [
      0.16875,
      0.16875,
      0.16875,
      0.56953125,
      0.11250000000000002,
      0.37968750000000007,
      0.56953125,
      0.37968750000000007,
      0.37968750000000007,
      0.25312500000000004,
      0.37968750000000007,
      0.37968750000000007,
      0.37968750000000007,
      0.37968750000000007,
      0.56953125,
      0.25312500000000004,
      0.56953125,
      0.56953125,
      0.56953125
    ],
    "log_tau": 0.50625
  },
  "seed": 2724
}