{
  "chain_id": 3,
  "n_iter": 30000,
  "burnin": 8000,
  "thin": 5,
  "n_saved": 4400,
  "runtime_sec": 43886.81553697586,
  "accept_rate_alpha": 0.24043333333333333,
  "accept_rate_beta_mean": 0.25841627906976744,
  "accept_rate_beta_per_k": [
    0.2885,
    0.30766666666666664,
    0.2151,
    0.2062,
    0.2951,
    0.2512666666666667,
    0.22666666666666666,
    0.2259,
    0.22473333333333334,
    0.21903333333333333,
    0.2826,
    0.22496666666666668,
    0.33036666666666664,
    0.29763333333333336,
    0.2481,
    0.29186666666666666,
    0.2211,
    0.31753333333333333,
    0.2601,
    0.2813,
    0.2561,
    0.22443333333333335,
    0.263,
    0.26803333333333335,
    0.21953333333333333,
    0.237,
    0.27726666666666666,
    0.2698333333333333,
    0.2683,
    0.2302,
    0.2587,
    0.2285,
    0.2638,
    0.24526666666666666,
    0.2464,
    0.2856666666666667,
    0.28626666666666667,
    0.30033333333333334,
    0.24243333333333333,
    0.28163333333333335,
    0.2754666666666667,
    0.26206666666666667,
    0.20593333333333333
  ],
  "accept_rate_u_mean": 0.26686666666666664,
  "accept_rate_u_per_j": [
    0.2638666666666667,
    0.2598,
    0.2182,
    0.28996666666666665,
    0.22756666666666667,
    0.30496666666666666,
    0.25083333333333335,
    0.2856,
    0.23426666666666668,
    0.24826666666666666,
    0.2613666666666667,
    0.3471666666666667,
    0.2672333333333333,
    0.24003333333333332,
    0.3317,
    0.2298,
    0.2534666666666667,
    0.3012,
    0.22046666666666667,
    0.30156666666666665
  ],
  "accept_rate_log_tau": 0.3651,
  "hyperparams": {
    "sigma_alpha": 5.0,
    "s_beta": 2.5,
    "s_tau": 1.0,
    "prior_family": "half_normal"
  },
  "proposal_sd": {
    "alpha": 0.0675,
    "beta": [
      0.050625,
      0.050625,
      0.0759375,
      0.0759375,
      0.050625,
      0.050625,
      0.050625,
      0.0759375,
      0.0759375,
      0.0759375,
      0.0759375,
      0.17085937500000004,
      0.5766503906250001,
      0.3844335937500001,
      0.5766503906250001,
      0.3844335937500001,
      0.25628906250000005,
      0.17085937500000004,
      0.3844335937500001,
      0.25628906250000005,
      0.3844335937500001,
      0.25628906250000005,
      0.3844335937500001,
      0.25628906250000005,
      0.3844335937500001,
      0.25628906250000005,
      0.17085937500000004,
      0.3844335937500001,
      0.0759375,
      0.11390625000000001,
      0.17085937500000004,
      0.17085937500000004,
      0.25628906250000005,
      0.25628906250000005,
      0.25628906250000005,
      0.11390625000000001,
      0.0759375,
      0.0759375,
      0.0759375,
      0.11390625000000001,
      0.050625,
      0.25628906250000005,
      0.17085937500000004
    ],
    "u": [
      0.25312500000000004,
      0.25312500000000004,
      0.25312500000000004,
      0.56953125,
      0.16875,
      0.37968750000000007,
      0.8542968750000001,
      0.37968750000000007,
      0.56953125,
      0.37968750000000007,
      0.56953125,
      0.37968750000000007,
      0.56953125,
      0.56953125,
      0.56953125,
      0.37968750000000007,
      0.8542968750000001,
      0.56953125,
      0.11250000000000002,
      0.56953125
    ],
    "log_tau": 0.50625
  },
  "seed": 3724
}