{
  "chain_id": 0,
  "n_iter": 30000,
  "burnin": 8000,
  "thin": 5,
  "n_saved": 4400,
  "runtime_sec": 965.3411018848419,
  "accept_rate_alpha": 0.30333333333333334,
  "accept_rate_beta_mean": 0.333493023255814,
  "accept_rate_beta_per_k": [
    0.364,
    0.3872,
    0.27566666666666667,
    0.3804666666666667,
    0.3691,
    0.32006666666666667,
    0.29306666666666664,
    0.40066666666666667,
    0.2897666666666667,
    0.2763,
    0.35883333333333334,
    0.28113333333333335,
    0.38456666666666667,
    0.3602666666666667,
    0.29373333333333335,
    0.3575333333333333,
    0.3969666666666667,
    0.2886,
    0.3271,
    0.35573333333333335,
    0.3393,
    0.2928,
    0.3112,
    0.3163666666666667,
    0.29486666666666667,
    0.3093,
    0.3561,
    0.32376666666666665,
    0.3389,
    0.2905333333333333,
    0.3368,
    0.314,
    0.33186666666666664,
    0.32233333333333336,
    0.31506666666666666,
    0.36923333333333336,
    0.35233333333333333,
    0.37446666666666667,
    0.3031,
    0.355,
    0.3462,
    0.3159666666666667,
    0.36993333333333334
  ],
  "accept_rate_u_mean": 0.33485789473684213,
  "accept_rate_u_per_j": [
    0.36756666666666665,
    0.36446666666666666,
    0.31083333333333335,
    0.2864333333333333,
    0.3276,
    0.30933333333333335,
    0.35236666666666666,
    0.28496666666666665,
    0.33613333333333334,
    0.35883333333333334,
    0.3677666666666667,
    0.34603333333333336,
    0.3806,
    0.3370666666666667,
    0.3322,
    0.3263333333333333,
    0.3723666666666667,
    0.30216666666666664,
    0.29923333333333335
  ],
  "accept_rate_log_tau": 0.3696,
  "hyperparams": {
    "sigma_alpha": 5.0,
    "s_beta": 2.5,
    "s_tau": 1.0,
    "prior_family": "half_normal"
  },
  "proposal_sd": {
    "alpha": 0.0675,
    "beta": [
      0.050625,
      0.050625,
      0.0759375,
      0.050625,
      0.050625,
      0.050625,
      0.050625,
      0.050625,
      0.0759375,
      0.0759375,
      0.0759375,
      0.17085937500000004,
      0.5766503906250001,
      0.3844335937500001,
      0.5766503906250001,
      0.3844335937500001,
      0.17085937500000004,
      0.25628906250000005,
      0.3844335937500001,
      0.25628906250000005,
      0.3844335937500001,
      0.25628906250000005,
      0.3844335937500001,
      0.25628906250000005,
      0.3844335937500001,
      0.25628906250000005,
      0.17085937500000004,
      0.3844335937500001,
      0.0759375,
      0.11390625000000001,
      0.17085937500000004,
      0.17085937500000004,
      0.25628906250000005,
      0.25628906250000005,
      0.25628906250000005,
      0.11390625000000001,
      0.0759375,
      0.0759375,
      0.0759375,
      0.11390625000000001,
      0.050625,
      0.25628906250000005,
      0.11390625000000001
    ],
    "u": [
      0.16875,
      0.16875,
      0.16875,
      0.56953125,
      0.11250000000000002,
      0.37968750000000007,
      0.56953125,
      0.37968750000000007,
      0.37968750000000007,
      0.25312500000000004,
      0.37968750000000007,
      0.37968750000000007,
      0.37968750000000007,
      0.37968750000000007,
      0.56953125,
      0.25312500000000004,
      0.56953125,
      0.56953125,
      0.56953125
    ],
    "log_tau": 0.50625
  },
  "seed": 724
}