{
  "chain_id": 2,
  "n_iter": 30000,
  "burnin": 8000,
  "thin": 5,
  "n_saved": 4400,
  "runtime_sec": 17183.53685617447,
  "accept_rate_alpha": 0.24126666666666666,
  "accept_rate_beta_mean": 0.25913488372093024,
  "accept_rate_beta_per_k": [
    0.2871666666666667,
    0.3075,
    0.22083333333333333,
    0.20916666666666667,
    0.2939,
    0.24946666666666667,
    0.22313333333333332,
    0.22216666666666668,
    0.22903333333333334,
    0.21823333333333333,
    0.28646666666666665,
    0.2275,
    0.3338333333333333,
    0.29786666666666667,
    0.25153333333333333,
    0.29056666666666664,
    0.22243333333333334,
    0.3153,
    0.2553,
    0.2853,
    0.2622,
    0.22753333333333334,
    0.26326666666666665,
    0.2660666666666667,
    0.219,
    0.24243333333333333,
    0.27896666666666664,
    0.2661,
    0.26886666666666664,
    0.23173333333333335,
    0.26363333333333333,
    0.22853333333333334,
    0.26113333333333333,
    0.2444,
    0.24243333333333333,
    0.2911666666666667,
    0.2853333333333333,
    0.3037,
    0.2371,
    0.2794333333333333,
    0.2778,
    0.26256666666666667,
    0.2127
  ],
  "accept_rate_u_mean": 0.26676,
  "accept_rate_u_per_j": [
    0.25903333333333334,
    0.26363333333333333,
    0.21596666666666667,
    0.2851666666666667,
    0.23103333333333334,
    0.3093666666666667,
    0.24683333333333332,
    0.283,
    0.239,
    0.2539666666666667,
    0.26503333333333334,
    0.33903333333333335,
    0.27116666666666667,
    0.23433333333333334,
    0.3333,
    0.22903333333333334,
    0.2571,
    0.3,
    0.22383333333333333,
    0.29536666666666667
  ],
  "accept_rate_log_tau": 0.3661,
  "hyperparams": {
    "sigma_alpha": 5.0,
    "s_beta": 2.5,
    "s_tau": 1.0,
    "prior_family": "half_normal"
  },
  "proposal_sd": {
    "alpha": 0.0675,
    "beta": [
      0.050625,
      0.050625,
      0.0759375,
      0.0759375,
      0.050625,
      0.050625,
      0.050625,
      0.0759375,
      0.0759375,
      0.0759375,
      0.0759375,
      0.17085937500000004,
      0.5766503906250001,
      0.3844335937500001,
      0.5766503906250001,
      0.3844335937500001,
      0.25628906250000005,
      0.17085937500000004,
      0.3844335937500001,
      0.25628906250000005,
      0.3844335937500001,
      0.25628906250000005,
      0.3844335937500001,
      0.25628906250000005,
      0.3844335937500001,
      0.25628906250000005,
      0.17085937500000004,
      0.3844335937500001,
      0.0759375,
      0.11390625000000001,
      0.17085937500000004,
      0.17085937500000004,
      0.25628906250000005,
      0.25628906250000005,
      0.25628906250000005,
      0.11390625000000001,
      0.0759375,
      0.0759375,
      0.0759375,
      0.11390625000000001,
      0.050625,
      0.25628906250000005,
      0.17085937500000004
    ],
    "u": [
      0.25312500000000004,
      0.25312500000000004,
      0.25312500000000004,
      0.56953125,
      0.16875,
      0.37968750000000007,
      0.8542968750000001,
      0.37968750000000007,
      0.56953125,
      0.37968750000000007,
      0.56953125,
      0.37968750000000007,
      0.56953125,
      0.56953125,
      0.56953125,
      0.37968750000000007,
      0.8542968750000001,
      0.56953125,
      0.11250000000000002,
      0.56953125
    ],
    "log_tau": 0.50625
  },
  "seed": 2724
}