{
  "tuned_proposal_sd": {
    "alpha": 0.0675,
    "beta": [
      0.050625,
      0.050625,
      0.0759375,
      0.0759375,
      0.050625,
      0.050625,
      0.050625,
      0.0759375,
      0.0759375,
      0.0759375,
      0.0759375,
      0.17085937500000004,
      0.5766503906250001,
      0.3844335937500001,
      0.5766503906250001,
      0.3844335937500001,
      0.25628906250000005,
      0.17085937500000004,
      0.3844335937500001,
      0.25628906250000005,
      0.3844335937500001,
      0.25628906250000005,
      0.3844335937500001,
      0.25628906250000005,
      0.3844335937500001,
      0.25628906250000005,
      0.17085937500000004,
      0.3844335937500001,
      0.0759375,
      0.11390625000000001,
      0.17085937500000004,
      0.17085937500000004,
      0.25628906250000005,
      0.25628906250000005,
      0.25628906250000005,
      0.11390625000000001,
      0.0759375,
      0.0759375,
      0.0759375,
      0.11390625000000001,
      0.050625,
      0.25628906250000005,
      0.17085937500000004
    ],
    "u": [
      0.25312500000000004,
      0.25312500000000004,
      0.25312500000000004,
      0.56953125,
      0.16875,
      0.37968750000000007,
      0.8542968750000001,
      0.37968750000000007,
      0.56953125,
      0.37968750000000007,
      0.56953125,
      0.37968750000000007,
      0.56953125,
      0.56953125,
      0.56953125,
      0.37968750000000007,
      0.8542968750000001,
      0.56953125,
      0.11250000000000002,
      0.56953125
    ],
    "log_tau": 0.50625
  },
  "final_accept_rates": {
    "alpha": 0.407,
    "beta_per_k": [
      0.484,
      0.4925,
      0.362,
      0.344,
      0.4605,
      0.4925,
      0.372,
      0.3925,
      0.384,
      0.3755,
      0.4665,
      0.381,
      0.6,
      0.459,
      0.501,
      0.452,
      0.3875,
      0.499,
      0.4355,
      0.4535,
      0.415,
      0.504,
      0.4115,
      0.444,
      0.4075,
      0.405,
      0.4635,
      0.448,
      0.4555,
      0.368,
      0.444,
      0.3865,
      0.398,
      0.3965,
      0.4465,
      0.483,
      0.468,
      0.4815,
      0.378,
      0.49,
      0.442,
      0.4375,
      0.397
    ],
    "beta_mean": 0.4363953488372093,
    "u_per_j": [
      0.443,
      0.419,
      0.36,
      0.434,
      0.405,
      0.4745,
      0.3995,
      0.4265,
      0.37,
      0.4245,
      0.4165,
      0.481,
      0.397,
      0.358,
      0.456,
      0.4235,
      0.3745,
      0.4715,
      0.3755,
      0.4475
    ],
    "u_mean": 0.41784999999999994,
    "log_tau": 0.3695
  },
  "n_rounds": 10,
  "tune_iter": 2000,
  "tune_burnin": 500,
  "n_subsample": 20000,
  "history": [
    {
      "round": 1,
      "ar_alpha": 0.7505,
      "ar_beta_mean": 0.9246511627906978,
      "ar_u_mean": 0.8802249999999999,
      "ar_log_tau": 0.71
    },
    {
      "round": 2,
      "ar_alpha": 0.6285,
      "ar_beta_mean": 0.8934534883720933,
      "ar_u_mean": 0.830575,
      "ar_log_tau": 0.6015
    },
    {
      "round": 3,
      "ar_alpha": 0.531,
      "ar_beta_mean": 0.8500348837209303,
      "ar_u_mean": 0.7655000000000001,
      "ar_log_tau": 0.485
    },
    {
      "round": 4,
      "ar_alpha": 0.4135,
      "ar_beta_mean": 0.7861860465116278,
      "ar_u_mean": 0.6836,
      "ar_log_tau": 0.4815
    },
    {
      "round": 5,
      "ar_alpha": 0.4105,
      "ar_beta_mean": 0.7069418604651162,
      "ar_u_mean": 0.588075,
      "ar_log_tau": 0.494
    },
    {
      "round": 6,
      "ar_alpha": 0.418,
      "ar_beta_mean": 0.6395,
      "ar_u_mean": 0.49669999999999986,
      "ar_log_tau": 0.4885
    },
    {
      "round": 7,
      "ar_alpha": 0.413,
      "ar_beta_mean": 0.5706627906976746,
      "ar_u_mean": 0.43202500000000005,
      "ar_log_tau": 0.493
    },
    {
      "round": 8,
      "ar_alpha": 0.4055,
      "ar_beta_mean": 0.5151279069767442,
      "ar_u_mean": 0.41792500000000005,
      "ar_log_tau": 0.4755
    },
    {
      "round": 9,
      "ar_alpha": 0.403,
      "ar_beta_mean": 0.46482558139534885,
      "ar_u_mean": 0.426525,
      "ar_log_tau": 0.5155
    },
    {
      "round": 10,
      "ar_alpha": 0.407,
      "ar_beta_mean": 0.4363953488372093,
      "ar_u_mean": 0.41784999999999994,
      "ar_log_tau": 0.3695
    }
  ]
}