{
  "tuned_proposal_sd": {
    "alpha": 0.0675,
    "beta": [
      0.050625,
      0.050625,
      0.0759375,
      0.050625,
      0.050625,
      0.050625,
      0.050625,
      0.0759375,
      0.0759375,
      0.0759375,
      0.0759375,
      0.17085937500000004,
      0.5766503906250001,
      0.3844335937500001,
      0.3844335937500001,
      0.3844335937500001,
      0.25628906250000005,
      0.25628906250000005,
      0.3844335937500001,
      0.25628906250000005,
      0.3844335937500001,
      0.25628906250000005,
      0.3844335937500001,
      0.25628906250000005,
      0.3844335937500001,
      0.25628906250000005,
      0.17085937500000004,
      0.3844335937500001,
      0.0759375,
      0.11390625000000001,
      0.17085937500000004,
      0.17085937500000004,
      0.25628906250000005,
      0.25628906250000005,
      0.25628906250000005,
      0.11390625000000001,
      0.0759375,
      0.0759375,
      0.0759375,
      0.11390625000000001,
      0.050625,
      0.25628906250000005,
      0.11390625000000001
    ],
    "u": [
      0.16875,
      0.16875,
      0.16875,
      0.37968750000000007,
      0.11250000000000002,
      0.37968750000000007,
      0.56953125,
      0.37968750000000007,
      0.37968750000000007,
      0.25312500000000004,
      0.37968750000000007,
      0.37968750000000007,
      0.37968750000000007,
      0.37968750000000007,
      0.56953125,
      0.25312500000000004,
      0.56953125,
      0.56953125,
      0.56953125
    ],
    "log_tau": 0.50625,
    "block": 0.22781250000000003
  },
  "final_accept_rates": {
    "alpha": 0.3965,
    "beta_per_k": [
      0.448,
      0.4805,
      0.366,
      0.478,
      0.4665,
      0.4055,
      0.361,
      0.361,
      0.3635,
      0.3475,
      0.4835,
      0.373,
      0.613,
      0.419,
      0.4975,
      0.491,
      0.5135,
      0.371,
      0.4395,
      0.452,
      0.4475,
      0.4075,
      0.408,
      0.404,
      0.381,
      0.3965,
      0.4475,
      0.429,
      0.442,
      0.396,
      0.4315,
      0.4085,
      0.4175,
      0.3765,
      0.396,
      0.4515,
      0.458,
      0.471,
      0.4135,
      0.449,
      0.4385,
      0.3975,
      0.4775
    ],
    "beta_mean": 0.4296744186046512,
    "u_per_j": [
      0.4755,
      0.4795,
      0.3765,
      0.486,
      0.4375,
      0.389,
      0.4355,
      0.361,
      0.424,
      0.445,
      0.4415,
      0.4415,
      0.44,
      0.413,
      0.4045,
      0.4295,
      0.439,
      0.3825,
      0.3785
    ],
    "u_mean": 0.42523684210526325,
    "log_tau": 0.37,
    "block": 0.4626
  },
  "n_rounds": 10,
  "tune_iter": 2000,
  "tune_burnin": 500,
  "n_subsample": 20000,
  "history": [
    {
      "round": 1,
      "ar_alpha": 0.7555,
      "ar_beta_mean": 0.9212558139534883,
      "ar_u_mean": 0.8615789473684209,
      "ar_log_tau": 0.7325
    },
    {
      "round": 2,
      "ar_alpha": 0.6615,
      "ar_beta_mean": 0.8898255813953491,
      "ar_u_mean": 0.8024210526315789,
      "ar_log_tau": 0.627
    },
    {
      "round": 3,
      "ar_alpha": 0.516,
      "ar_beta_mean": 0.8446046511627906,
      "ar_u_mean": 0.7263157894736842,
      "ar_log_tau": 0.519
    },
    {
      "round": 4,
      "ar_alpha": 0.398,
      "ar_beta_mean": 0.7802325581395348,
      "ar_u_mean": 0.6351842105263158,
      "ar_log_tau": 0.374
    },
    {
      "round": 5,
      "ar_alpha": 0.416,
      "ar_beta_mean": 0.7036976744186045,
      "ar_u_mean": 0.5426842105263159,
      "ar_log_tau": 0.401
    },
    {
      "round": 6,
      "ar_alpha": 0.4065,
      "ar_beta_mean": 0.6346162790697675,
      "ar_u_mean": 0.46418421052631587,
      "ar_log_tau": 0.378
    },
    {
      "round": 7,
      "ar_alpha": 0.3885,
      "ar_beta_mean": 0.5704186046511628,
      "ar_u_mean": 0.4351315789473684,
      "ar_log_tau": 0.379
    },
    {
      "round": 8,
      "ar_alpha": 0.4015,
      "ar_beta_mean": 0.5057790697674419,
      "ar_u_mean": 0.42868421052631583,
      "ar_log_tau": 0.3705
    },
    {
      "round": 9,
      "ar_alpha": 0.403,
      "ar_beta_mean": 0.45776744186046514,
      "ar_u_mean": 0.4336842105263158,
      "ar_log_tau": 0.3865
    },
    {
      "round": 10,
      "ar_alpha": 0.3965,
      "ar_beta_mean": 0.4296744186046512,
      "ar_u_mean": 0.42523684210526325,
      "ar_log_tau": 0.37
    }
  ]
}