{
  "tuned_proposal_sd": {
    "alpha": 0.0675,
    "beta": [
      0.050625,
      0.050625,
      0.0759375,
      0.050625,
      0.050625,
      0.050625,
      0.050625,
      0.050625,
      0.0759375,
      0.0759375,
      0.0759375,
      0.17085937500000004,
      0.5766503906250001,
      0.3844335937500001,
      0.5766503906250001,
      0.3844335937500001,
      0.17085937500000004,
      0.25628906250000005,
      0.3844335937500001,
      0.25628906250000005,
      0.3844335937500001,
      0.25628906250000005,
      0.3844335937500001,
      0.25628906250000005,
      0.3844335937500001,
      0.25628906250000005,
      0.17085937500000004,
      0.3844335937500001,
      0.0759375,
      0.11390625000000001,
      0.17085937500000004,
      0.17085937500000004,
      0.25628906250000005,
      0.25628906250000005,
      0.25628906250000005,
      0.11390625000000001,
      0.0759375,
      0.0759375,
      0.0759375,
      0.11390625000000001,
      0.050625,
      0.25628906250000005,
      0.11390625000000001
    ],
    "u": [
      0.16875,
      0.16875,
      0.16875,
      0.56953125,
      0.11250000000000002,
      0.37968750000000007,
      0.56953125,
      0.37968750000000007,
      0.37968750000000007,
      0.25312500000000004,
      0.37968750000000007,
      0.37968750000000007,
      0.37968750000000007,
      0.37968750000000007,
      0.56953125,
      0.25312500000000004,
      0.56953125,
      0.56953125,
      0.56953125
    ],
    "log_tau": 0.50625
  },
  "final_accept_rates": {
    "alpha": 0.407,
    "beta_per_k": [
      0.486,
      0.4775,
      0.373,
      0.4725,
      0.486,
      0.409,
      0.422,
      0.4805,
      0.3675,
      0.3795,
      0.4685,
      0.386,
      0.6105,
      0.42,
      0.5045,
      0.475,
      0.4665,
      0.3615,
      0.4335,
      0.458,
      0.443,
      0.4,
      0.391,
      0.3975,
      0.3865,
      0.4075,
      0.447,
      0.4115,
      0.423,
      0.3795,
      0.441,
      0.4025,
      0.4195,
      0.383,
      0.4235,
      0.446,
      0.4705,
      0.4925,
      0.4055,
      0.4515,
      0.4545,
      0.4085,
      0.4715
    ],
    "beta_mean": 0.4347441860465116,
    "u_per_j": [
      0.4595,
      0.489,
      0.398,
      0.361,
      0.4105,
      0.403,
      0.449,
      0.383,
      0.433,
      0.4445,
      0.459,
      0.438,
      0.466,
      0.4165,
      0.4285,
      0.4295,
      0.434,
      0.3595,
      0.3965
    ],
    "u_mean": 0.4241052631578947,
    "log_tau": 0.3615
  },
  "n_rounds": 10,
  "tune_iter": 2000,
  "tune_burnin": 500,
  "n_subsample": 20000,
  "history": [
    {
      "round": 1,
      "ar_alpha": 0.7365,
      "ar_beta_mean": 0.9220465116279071,
      "ar_u_mean": 0.8644210526315789,
      "ar_log_tau": 0.7195
    },
    {
      "round": 2,
      "ar_alpha": 0.6335,
      "ar_beta_mean": 0.8896627906976745,
      "ar_u_mean": 0.8092631578947369,
      "ar_log_tau": 0.587
    },
    {
      "round": 3,
      "ar_alpha": 0.553,
      "ar_beta_mean": 0.843139534883721,
      "ar_u_mean": 0.7326052631578946,
      "ar_log_tau": 0.478
    },
    {
      "round": 4,
      "ar_alpha": 0.406,
      "ar_beta_mean": 0.7802441860465116,
      "ar_u_mean": 0.6364473684210527,
      "ar_log_tau": 0.5035
    },
    {
      "round": 5,
      "ar_alpha": 0.3895,
      "ar_beta_mean": 0.6990581395348836,
      "ar_u_mean": 0.5524736842105262,
      "ar_log_tau": 0.345
    },
    {
      "round": 6,
      "ar_alpha": 0.3945,
      "ar_beta_mean": 0.6296046511627907,
      "ar_u_mean": 0.4616842105263158,
      "ar_log_tau": 0.3695
    },
    {
      "round": 7,
      "ar_alpha": 0.409,
      "ar_beta_mean": 0.5716627906976744,
      "ar_u_mean": 0.4328947368421052,
      "ar_log_tau": 0.3595
    },
    {
      "round": 8,
      "ar_alpha": 0.403,
      "ar_beta_mean": 0.5113837209302327,
      "ar_u_mean": 0.435342105263158,
      "ar_log_tau": 0.376
    },
    {
      "round": 9,
      "ar_alpha": 0.3765,
      "ar_beta_mean": 0.4616976744186046,
      "ar_u_mean": 0.4351842105263158,
      "ar_log_tau": 0.367
    },
    {
      "round": 10,
      "ar_alpha": 0.407,
      "ar_beta_mean": 0.4347441860465116,
      "ar_u_mean": 0.4241052631578947,
      "ar_log_tau": 0.3615
    }
  ]
}