{
  "chain_id": 0,
  "n_iter": 10000,
  "burnin": 3000,
  "thin": 5,
  "n_saved": 1400,
  "runtime_sec": 573.9262499809265,
  "accept_rate_alpha": 0.303,
  "accept_rate_beta_mean": 0.3314,
  "accept_rate_beta_per_k": [
    0.3627,
    0.3908,
    0.2825,
    0.3791,
    0.3615,
    0.3196,
    0.2861,
    0.2939,
    0.2824,
    0.2815,
    0.3596,
    0.2824,
    0.3877,
    0.3602,
    0.4077,
    0.3639,
    0.2857,
    0.2872,
    0.3281,
    0.3594,
    0.3387,
    0.2879,
    0.305,
    0.3163,
    0.2923,
    0.3191,
    0.3558,
    0.3344,
    0.3426,
    0.2852,
    0.3424,
    0.3117,
    0.3361,
    0.3124,
    0.314,
    0.3661,
    0.3615,
    0.3788,
    0.3004,
    0.3643,
    0.346,
    0.3114,
    0.3658
  ],
  "accept_rate_u_mean": 0.34121052631578946,
  "accept_rate_u_per_j": [
    0.3691,
    0.3755,
    0.31,
    0.402,
    0.3309,
    0.3196,
    0.3546,
    0.2838,
    0.3375,
    0.3488,
    0.3753,
    0.3388,
    0.374,
    0.3389,
    0.3359,
    0.3247,
    0.3706,
    0.2983,
    0.2947
  ],
  "accept_rate_log_tau": 0.3694,
  "accept_rate_block": 0.45659,
  "hyperparams": {
    "sigma_alpha": 5.0,
    "s_beta": 2.5,
    "s_tau": 2.5,
    "prior_family": "half_cauchy"
  },
  "proposal_sd": {
    "alpha": 0.0675,
    "beta": [
      0.050625,
      0.050625,
      0.0759375,
      0.050625,
      0.050625,
      0.050625,
      0.050625,
      0.0759375,
      0.0759375,
      0.0759375,
      0.0759375,
      0.17085937500000004,
      0.5766503906250001,
      0.3844335937500001,
      0.3844335937500001,
      0.3844335937500001,
      0.25628906250000005,
      0.25628906250000005,
      0.3844335937500001,
      0.25628906250000005,
      0.3844335937500001,
      0.25628906250000005,
      0.3844335937500001,
      0.25628906250000005,
      0.3844335937500001,
      0.25628906250000005,
      0.17085937500000004,
      0.3844335937500001,
      0.0759375,
      0.11390625000000001,
      0.17085937500000004,
      0.17085937500000004,
      0.25628906250000005,
      0.25628906250000005,
      0.25628906250000005,
      0.11390625000000001,
      0.0759375,
      0.0759375,
      0.0759375,
      0.11390625000000001,
      0.050625,
      0.25628906250000005,
      0.11390625000000001
    ],
    "u": [
      0.16875,
      0.16875,
      0.16875,
      0.37968750000000007,
      0.11250000000000002,
      0.37968750000000007,
      0.56953125,
      0.37968750000000007,
      0.37968750000000007,
      0.25312500000000004,
      0.37968750000000007,
      0.37968750000000007,
      0.37968750000000007,
      0.37968750000000007,
      0.56953125,
      0.25312500000000004,
      0.56953125,
      0.56953125,
      0.56953125
    ],
    "log_tau": 0.50625,
    "block": 0.22781250000000003
  },
  "seed": 724
}