{
  "chain_id": 0,
  "n_iter": 10000,
  "burnin": 3000,
  "thin": 5,
  "n_saved": 1400,
  "runtime_sec": 328.3756217956543,
  "accept_rate_alpha": 0.3051,
  "accept_rate_beta_mean": 0.3334325581395349,
  "accept_rate_beta_per_k": [
    0.3615,
    0.3826,
    0.2732,
    0.382,
    0.3664,
    0.316,
    0.2981,
    0.398,
    0.2904,
    0.2779,
    0.3545,
    0.2889,
    0.3844,
    0.353,
    0.29,
    0.367,
    0.4004,
    0.2929,
    0.3306,
    0.3603,
    0.3396,
    0.2938,
    0.3105,
    0.314,
    0.2965,
    0.3098,
    0.3501,
    0.3251,
    0.3426,
    0.2898,
    0.3359,
    0.3165,
    0.3366,
    0.3244,
    0.3155,
    0.3683,
    0.3526,
    0.3716,
    0.3048,
    0.3553,
    0.3346,
    0.3135,
    0.3681
  ],
  "accept_rate_u_mean": 0.3357684210526316,
  "accept_rate_u_per_j": [
    0.3651,
    0.3604,
    0.3121,
    0.2958,
    0.3327,
    0.3133,
    0.3512,
    0.2888,
    0.3356,
    0.3558,
    0.3729,
    0.3424,
    0.3785,
    0.3419,
    0.3359,
    0.3297,
    0.3739,
    0.3001,
    0.2935
  ],
  "accept_rate_log_tau": 0.3668,
  "hyperparams": {
    "sigma_alpha": 5.0,
    "s_beta": 2.5,
    "s_tau": 2.5,
    "prior_family": "half_cauchy"
  },
  "proposal_sd": {
    "alpha": 0.0675,
    "beta": [
      0.050625,
      0.050625,
      0.0759375,
      0.050625,
      0.050625,
      0.050625,
      0.050625,
      0.050625,
      0.0759375,
      0.0759375,
      0.0759375,
      0.17085937500000004,
      0.5766503906250001,
      0.3844335937500001,
      0.5766503906250001,
      0.3844335937500001,
      0.17085937500000004,
      0.25628906250000005,
      0.3844335937500001,
      0.25628906250000005,
      0.3844335937500001,
      0.25628906250000005,
      0.3844335937500001,
      0.25628906250000005,
      0.3844335937500001,
      0.25628906250000005,
      0.17085937500000004,
      0.3844335937500001,
      0.0759375,
      0.11390625000000001,
      0.17085937500000004,
      0.17085937500000004,
      0.25628906250000005,
      0.25628906250000005,
      0.25628906250000005,
      0.11390625000000001,
      0.0759375,
      0.0759375,
      0.0759375,
      0.11390625000000001,
      0.050625,
      0.25628906250000005,
      0.11390625000000001
    ],
    "u": [
      0.16875,
      0.16875,
      0.16875,
      0.56953125,
      0.11250000000000002,
      0.37968750000000007,
      0.56953125,
      0.37968750000000007,
      0.37968750000000007,
      0.25312500000000004,
      0.37968750000000007,
      0.37968750000000007,
      0.37968750000000007,
      0.37968750000000007,
      0.56953125,
      0.25312500000000004,
      0.56953125,
      0.56953125,
      0.56953125
    ],
    "log_tau": 0.50625
  },
  "seed": 724
}