{
  "chain_id": 1,
  "n_iter": 10000,
  "burnin": 3000,
  "thin": 5,
  "n_saved": 1400,
  "runtime_sec": 1035.4725110530853,
  "accept_rate_alpha": 0.2441,
  "accept_rate_beta_mean": 0.2577558139534884,
  "accept_rate_beta_per_k": [
    0.2896,
    0.2985,
    0.2151,
    0.2156,
    0.2903,
    0.2465,
    0.2208,
    0.2211,
    0.218,
    0.2156,
    0.2878,
    0.2221,
    0.325,
    0.2931,
    0.2472,
    0.2916,
    0.2173,
    0.3192,
    0.2538,
    0.2882,
    0.2549,
    0.2221,
    0.2652,
    0.2688,
    0.2284,
    0.2354,
    0.284,
    0.2687,
    0.262,
    0.2355,
    0.2614,
    0.234,
    0.2585,
    0.2508,
    0.241,
    0.2844,
    0.2872,
    0.3037,
    0.2402,
    0.2795,
    0.2745,
    0.254,
    0.2129
  ],
  "accept_rate_u_mean": 0.27202,
  "accept_rate_u_per_j": [
    0.2652,
    0.2574,
    0.2144,
    0.2871,
    0.2409,
    0.3148,
    0.2591,
    0.2915,
    0.2368,
    0.2594,
    0.2627,
    0.3547,
    0.276,
    0.2369,
    0.3518,
    0.2371,
    0.2652,
    0.3061,
    0.2304,
    0.2929
  ],
  "accept_rate_log_tau": 0.3693,
  "hyperparams": {
    "sigma_alpha": 5.0,
    "s_beta": 2.5,
    "s_tau": 2.5,
    "prior_family": "half_cauchy"
  },
  "proposal_sd": {
    "alpha": 0.0675,
    "beta": [
      0.050625,
      0.050625,
      0.0759375,
      0.0759375,
      0.050625,
      0.050625,
      0.050625,
      0.0759375,
      0.0759375,
      0.0759375,
      0.0759375,
      0.17085937500000004,
      0.5766503906250001,
      0.3844335937500001,
      0.5766503906250001,
      0.3844335937500001,
      0.25628906250000005,
      0.17085937500000004,
      0.3844335937500001,
      0.25628906250000005,
      0.3844335937500001,
      0.25628906250000005,
      0.3844335937500001,
      0.25628906250000005,
      0.3844335937500001,
      0.25628906250000005,
      0.17085937500000004,
      0.3844335937500001,
      0.0759375,
      0.11390625000000001,
      0.17085937500000004,
      0.17085937500000004,
      0.25628906250000005,
      0.25628906250000005,
      0.25628906250000005,
      0.11390625000000001,
      0.0759375,
      0.0759375,
      0.0759375,
      0.11390625000000001,
      0.050625,
      0.25628906250000005,
      0.17085937500000004
    ],
    "u": [
      0.25312500000000004,
      0.25312500000000004,
      0.25312500000000004,
      0.56953125,
      0.16875,
      0.37968750000000007,
      0.8542968750000001,
      0.37968750000000007,
      0.56953125,
      0.37968750000000007,
      0.56953125,
      0.37968750000000007,
      0.56953125,
      0.56953125,
      0.56953125,
      0.37968750000000007,
      0.8542968750000001,
      0.56953125,
      0.11250000000000002,
      0.56953125
    ],
    "log_tau": 0.50625
  },
  "seed": 1724
}