{
  "chain_id": 0,
  "n_iter": 10000,
  "burnin": 3000,
  "thin": 5,
  "n_saved": 1400,
  "runtime_sec": 1041.1403059959412,
  "accept_rate_alpha": 0.2428,
  "accept_rate_beta_mean": 0.2602279069767442,
  "accept_rate_beta_per_k": [
    0.291,
    0.3134,
    0.2201,
    0.2057,
    0.2931,
    0.2476,
    0.2277,
    0.2348,
    0.2133,
    0.2253,
    0.2878,
    0.223,
    0.3301,
    0.2912,
    0.2466,
    0.2906,
    0.2228,
    0.325,
    0.2561,
    0.2742,
    0.2684,
    0.2296,
    0.2597,
    0.2767,
    0.2283,
    0.2441,
    0.2822,
    0.272,
    0.2711,
    0.2374,
    0.2598,
    0.2302,
    0.262,
    0.2551,
    0.2486,
    0.2906,
    0.2876,
    0.2959,
    0.2394,
    0.2882,
    0.2772,
    0.2583,
    0.208
  ],
  "accept_rate_u_mean": 0.27034,
  "accept_rate_u_per_j": [
    0.2695,
    0.262,
    0.2227,
    0.2992,
    0.2338,
    0.3057,
    0.2513,
    0.2845,
    0.243,
    0.256,
    0.2596,
    0.3491,
    0.2758,
    0.2334,
    0.3384,
    0.2241,
    0.2617,
    0.3074,
    0.2272,
    0.3024
  ],
  "accept_rate_log_tau": 0.3625,
  "hyperparams": {
    "sigma_alpha": 5.0,
    "s_beta": 2.5,
    "s_tau": 2.5,
    "prior_family": "half_cauchy"
  },
  "proposal_sd": {
    "alpha": 0.0675,
    "beta": [
      0.050625,
      0.050625,
      0.0759375,
      0.0759375,
      0.050625,
      0.050625,
      0.050625,
      0.0759375,
      0.0759375,
      0.0759375,
      0.0759375,
      0.17085937500000004,
      0.5766503906250001,
      0.3844335937500001,
      0.5766503906250001,
      0.3844335937500001,
      0.25628906250000005,
      0.17085937500000004,
      0.3844335937500001,
      0.25628906250000005,
      0.3844335937500001,
      0.25628906250000005,
      0.3844335937500001,
      0.25628906250000005,
      0.3844335937500001,
      0.25628906250000005,
      0.17085937500000004,
      0.3844335937500001,
      0.0759375,
      0.11390625000000001,
      0.17085937500000004,
      0.17085937500000004,
      0.25628906250000005,
      0.25628906250000005,
      0.25628906250000005,
      0.11390625000000001,
      0.0759375,
      0.0759375,
      0.0759375,
      0.11390625000000001,
      0.050625,
      0.25628906250000005,
      0.17085937500000004
    ],
    "u": [
      0.25312500000000004,
      0.25312500000000004,
      0.25312500000000004,
      0.56953125,
      0.16875,
      0.37968750000000007,
      0.8542968750000001,
      0.37968750000000007,
      0.56953125,
      0.37968750000000007,
      0.56953125,
      0.37968750000000007,
      0.56953125,
      0.56953125,
      0.56953125,
      0.37968750000000007,
      0.8542968750000001,
      0.56953125,
      0.11250000000000002,
      0.56953125
    ],
    "log_tau": 0.50625
  },
  "seed": 724
}