{
  "chain_id": 1,
  "n_iter": 10000,
  "burnin": 3000,
  "thin": 5,
  "n_saved": 1400,
  "runtime_sec": 568.9300589561462,
  "accept_rate_alpha": 0.3072,
  "accept_rate_beta_mean": 0.33180232558139533,
  "accept_rate_beta_per_k": [
    0.3645,
    0.3879,
    0.2803,
    0.3754,
    0.3686,
    0.3218,
    0.2948,
    0.2981,
    0.2907,
    0.2799,
    0.3586,
    0.2852,
    0.3816,
    0.3628,
    0.4101,
    0.3548,
    0.2805,
    0.2903,
    0.3209,
    0.3634,
    0.3365,
    0.2944,
    0.3147,
    0.315,
    0.2869,
    0.3171,
    0.3587,
    0.3223,
    0.3458,
    0.2973,
    0.3408,
    0.309,
    0.336,
    0.3178,
    0.3112,
    0.3669,
    0.3556,
    0.3776,
    0.3047,
    0.3638,
    0.3439,
    0.3187,
    0.3626
  ],
  "accept_rate_u_mean": 0.3433578947368421,
  "accept_rate_u_per_j": [
    0.3703,
    0.37,
    0.316,
    0.407,
    0.3367,
    0.318,
    0.3537,
    0.2886,
    0.3414,
    0.3581,
    0.3693,
    0.3532,
    0.372,
    0.3359,
    0.3394,
    0.3241,
    0.3678,
    0.3057,
    0.2966
  ],
  "accept_rate_log_tau": 0.3768,
  "accept_rate_block": 0.45683,
  "hyperparams": {
    "sigma_alpha": 5.0,
    "s_beta": 2.5,
    "s_tau": 2.5,
    "prior_family": "half_cauchy"
  },
  "proposal_sd": {
    "alpha": 0.0675,
    "beta": [
      0.050625,
      0.050625,
      0.0759375,
      0.050625,
      0.050625,
      0.050625,
      0.050625,
      0.0759375,
      0.0759375,
      0.0759375,
      0.0759375,
      0.17085937500000004,
      0.5766503906250001,
      0.3844335937500001,
      0.3844335937500001,
      0.3844335937500001,
      0.25628906250000005,
      0.25628906250000005,
      0.3844335937500001,
      0.25628906250000005,
      0.3844335937500001,
      0.25628906250000005,
      0.3844335937500001,
      0.25628906250000005,
      0.3844335937500001,
      0.25628906250000005,
      0.17085937500000004,
      0.3844335937500001,
      0.0759375,
      0.11390625000000001,
      0.17085937500000004,
      0.17085937500000004,
      0.25628906250000005,
      0.25628906250000005,
      0.25628906250000005,
      0.11390625000000001,
      0.0759375,
      0.0759375,
      0.0759375,
      0.11390625000000001,
      0.050625,
      0.25628906250000005,
      0.11390625000000001
    ],
    "u": [
      0.16875,
      0.16875,
      0.16875,
      0.37968750000000007,
      0.11250000000000002,
      0.37968750000000007,
      0.56953125,
      0.37968750000000007,
      0.37968750000000007,
      0.25312500000000004,
      0.37968750000000007,
      0.37968750000000007,
      0.37968750000000007,
      0.37968750000000007,
      0.56953125,
      0.25312500000000004,
      0.56953125,
      0.56953125,
      0.56953125
    ],
    "log_tau": 0.50625,
    "block": 0.22781250000000003
  },
  "seed": 1724
}