{
  "chain_id": 1,
  "n_iter": 10000,
  "burnin": 3000,
  "thin": 5,
  "n_saved": 1400,
  "runtime_sec": 332.53693079948425,
  "accept_rate_alpha": 0.3007,
  "accept_rate_beta_mean": 0.33376744186046514,
  "accept_rate_beta_per_k": [
    0.3606,
    0.3849,
    0.2844,
    0.3771,
    0.3736,
    0.3292,
    0.2934,
    0.4049,
    0.2855,
    0.2808,
    0.3554,
    0.2911,
    0.3877,
    0.3537,
    0.2982,
    0.3613,
    0.3993,
    0.2903,
    0.321,
    0.3544,
    0.3397,
    0.2977,
    0.3165,
    0.3164,
    0.2906,
    0.3192,
    0.3528,
    0.3201,
    0.3427,
    0.2937,
    0.3342,
    0.3104,
    0.3257,
    0.312,
    0.3147,
    0.3674,
    0.3575,
    0.377,
    0.2987,
    0.3525,
    0.3491,
    0.3125,
    0.3641
  ],
  "accept_rate_u_mean": 0.3379473684210526,
  "accept_rate_u_per_j": [
    0.375,
    0.3739,
    0.3085,
    0.2866,
    0.3273,
    0.3184,
    0.352,
    0.2788,
    0.3405,
    0.3609,
    0.3755,
    0.3508,
    0.3788,
    0.3405,
    0.3399,
    0.3321,
    0.3738,
    0.3089,
    0.2988
  ],
  "accept_rate_log_tau": 0.365,
  "hyperparams": {
    "sigma_alpha": 5.0,
    "s_beta": 2.5,
    "s_tau": 2.5,
    "prior_family": "half_cauchy"
  },
  "proposal_sd": {
    "alpha": 0.0675,
    "beta": [
      0.050625,
      0.050625,
      0.0759375,
      0.050625,
      0.050625,
      0.050625,
      0.050625,
      0.050625,
      0.0759375,
      0.0759375,
      0.0759375,
      0.17085937500000004,
      0.5766503906250001,
      0.3844335937500001,
      0.5766503906250001,
      0.3844335937500001,
      0.17085937500000004,
      0.25628906250000005,
      0.3844335937500001,
      0.25628906250000005,
      0.3844335937500001,
      0.25628906250000005,
      0.3844335937500001,
      0.25628906250000005,
      0.3844335937500001,
      0.25628906250000005,
      0.17085937500000004,
      0.3844335937500001,
      0.0759375,
      0.11390625000000001,
      0.17085937500000004,
      0.17085937500000004,
      0.25628906250000005,
      0.25628906250000005,
      0.25628906250000005,
      0.11390625000000001,
      0.0759375,
      0.0759375,
      0.0759375,
      0.11390625000000001,
      0.050625,
      0.25628906250000005,
      0.11390625000000001
    ],
    "u": [
      0.16875,
      0.16875,
      0.16875,
      0.56953125,
      0.11250000000000002,
      0.37968750000000007,
      0.56953125,
      0.37968750000000007,
      0.37968750000000007,
      0.25312500000000004,
      0.37968750000000007,
      0.37968750000000007,
      0.37968750000000007,
      0.37968750000000007,
      0.56953125,
      0.25312500000000004,
      0.56953125,
      0.56953125,
      0.56953125
    ],
    "log_tau": 0.50625
  },
  "seed": 1724
}